,species_name,phylo_level,parent,98169,00116,00136,02218,03121,04245,04263,05052,05108,05150,05217,07083,07106,07146,08244,09070,09126,09218,10058,10166,10196,10200,10258,10316,10327,10353,11017,11021,11038,11040,11054,11069,11070,11072,11076,11082,11102,12001,12005,12042,12062,92017,95231,96303,97231,97303,98061,A144_
1969841,Proteus phage VB_PmiS-Isfahan,S,2315205,784878.0,787603.0,1767160.0,815657.0,409385.0,658210.0,611432.0,674349.0,1011913.0,729985.0,987255.0,588815.0,1589288.0,780979.0,552923.0,859901.0,739186.0,1333473.0,555073.0,586195.0,585382.0,1245550.0,1237173.0,734678.0,596610.0,646063.0,657974.0,461004.0,461960.0,805264.0,638898.0,638004.0,856254.0,544804.0,753143.0,555256.0,804589.0,494180.0,1232338.0,721444.0,520557.0,983627.0,531811.0,966923.0,908890.0,600373.0,527048.0,619966.0
1491,Clostridium botulinum,S,1485,275687.0,211559.0,565891.0,107180.0,135795.0,157907.0,129659.0,180864.0,287619.0,123936.0,307259.0,45290.0,707154.0,213621.0,204676.0,60555.0,115197.0,496148.0,177670.0,59953.0,134727.0,237106.0,236095.0,237674.0,86962.0,176851.0,209168.0,93931.0,163164.0,181897.0,188357.0,94068.0,293785.0,155797.0,145322.0,193780.0,272248.0,164326.0,302256.0,211633.0,175128.0,281413.0,115404.0,370109.0,102240.0,97523.0,122184.0,248608.0
44283,Pasteurella multocida subsp. multocida,S1,747,250349.0,178052.0,314226.0,193425.0,84103.0,82057.0,115603.0,150475.0,247195.0,121768.0,274926.0,117155.0,391672.0,135860.0,103643.0,174480.0,114922.0,441043.0,132070.0,105403.0,89129.0,260136.0,207745.0,101716.0,96914.0,160895.0,145538.0,110323.0,86309.0,147074.0,140650.0,126092.0,204542.0,97416.0,124159.0,91460.0,196273.0,116290.0,380059.0,180750.0,160643.0,193625.0,88567.0,203249.0,190972.0,105667.0,150929.0,70332.0
2184519,Hydrogenophaga sp. NH-16,S,2610897,182899.0,146714.0,338136.0,92401.0,90792.0,140170.0,88644.0,122950.0,190231.0,89462.0,196070.0,39078.0,412950.0,170785.0,146126.0,57581.0,100181.0,303261.0,129266.0,51515.0,85653.0,170630.0,137212.0,175019.0,69359.0,126375.0,140520.0,65630.0,123173.0,108589.0,144283.0,67724.0,194573.0,91972.0,96000.0,143023.0,195896.0,113399.0,187675.0,133276.0,114146.0,179315.0,82865.0,255550.0,97202.0,70975.0,94973.0,178202.0
72407,Klebsiella pneumoniae subsp. pneumoniae,S1,573,148016.0,111606.0,219617.0,203689.0,95668.0,125445.0,109171.0,110018.0,140268.0,121389.0,149015.0,130417.0,256406.0,121377.0,93362.0,188280.0,152850.0,269236.0,119485.0,122300.0,91202.0,157688.0,127129.0,95648.0,117610.0,117590.0,111116.0,97417.0,99460.0,138452.0,115710.0,105175.0,137154.0,88424.0,108369.0,101510.0,133758.0,107351.0,218914.0,127300.0,118961.0,154373.0,94710.0,127610.0,201013.0,150345.0,105778.0,93587.0
166122,Human endogenous retrovirus K113,S1,45617,108947.0,72110.0,168005.0,195923.0,70490.0,109628.0,94213.0,69296.0,116288.0,89576.0,113740.0,106346.0,233830.0,75632.0,66219.0,182147.0,123734.0,230074.0,91660.0,109316.0,60475.0,134277.0,97375.0,62766.0,96733.0,77114.0,63223.0,79990.0,81219.0,112975.0,78937.0,76472.0,85875.0,55278.0,89406.0,90905.0,100491.0,68343.0,154073.0,101008.0,100604.0,107446.0,63142.0,84112.0,178360.0,111986.0,84712.0,43638.0
550,Enterobacter cloacae,S,354276,70922.0,57438.0,130686.0,113399.0,47216.0,66979.0,55349.0,55215.0,62535.0,49731.0,74235.0,70956.0,132253.0,63690.0,50298.0,114680.0,84247.0,147539.0,59504.0,58957.0,43292.0,79552.0,59073.0,51781.0,55257.0,55239.0,50494.0,44289.0,56852.0,58734.0,62076.0,49653.0,61743.0,41568.0,53730.0,51702.0,69945.0,52368.0,115267.0,60772.0,57651.0,73459.0,45680.0,58092.0,118177.0,85011.0,49954.0,47667.0
485,Neisseria gonorrhoeae,S,482,36097.0,31883.0,51442.0,52549.0,31771.0,35855.0,33252.0,31540.0,37156.0,36666.0,39560.0,39312.0,61818.0,36366.0,31448.0,51064.0,43896.0,61781.0,36706.0,36937.0,27819.0,42857.0,34241.0,33176.0,36229.0,33751.0,32847.0,29157.0,33276.0,37221.0,35009.0,29199.0,37118.0,27071.0,34022.0,33012.0,40915.0,33684.0,45864.0,35341.0,33450.0,38557.0,28748.0,35942.0,50900.0,40444.0,32287.0,26406.0
527028,Bacillus thuringiensis serovar pulsiensis BGSC 4CC1,S2,180877,38006.0,45543.0,46180.0,6325.0,14673.0,16389.0,10324.0,40549.0,56947.0,16345.0,50967.0,6224.0,47962.0,27508.0,17403.0,8244.0,7097.0,47383.0,23894.0,7323.0,27642.0,23769.0,21794.0,13550.0,16398.0,38304.0,31357.0,13290.0,13964.0,18963.0,24072.0,16302.0,40338.0,13156.0,26377.0,12924.0,46150.0,17034.0,43520.0,24657.0,19844.0,17491.0,18665.0,49042.0,7106.0,15270.0,15075.0,14606.0
1280,Staphylococcus aureus,S,1279,29472.0,22377.0,24148.0,27649.0,16494.0,12757.0,21921.0,20396.0,23929.0,14674.0,26986.0,18270.0,41217.0,20246.0,18746.0,35584.0,15011.0,31844.0,24504.0,15563.0,14657.0,19376.0,15096.0,19232.0,13647.0,21725.0,19602.0,18758.0,19487.0,18515.0,21212.0,19545.0,26829.0,19352.0,19762.0,19181.0,25837.0,17422.0,23624.0,24708.0,23272.0,17393.0,17933.0,25739.0,20051.0,16130.0,18424.0,36220.0
1747,Cutibacterium acnes,S,1912216,25937.0,13350.0,21527.0,13123.0,12326.0,18970.0,36385.0,28951.0,18148.0,19104.0,16972.0,13010.0,6991.0,16338.0,14379.0,8017.0,3641.0,5917.0,28238.0,4948.0,2254.0,4607.0,12561.0,7323.0,5578.0,20229.0,5921.0,8544.0,17787.0,8558.0,7179.0,14727.0,20245.0,23955.0,14521.0,8551.0,24690.0,10091.0,5175.0,30277.0,29721.0,1697.0,7502.0,11809.0,9381.0,7439.0,10334.0,32751.0
305,Ralstonia solanacearum,S,48736,12543.0,12018.0,8239.0,26114.0,9355.0,2973.0,13638.0,12229.0,8306.0,10917.0,15856.0,8980.0,16251.0,9962.0,7239.0,23646.0,5638.0,13097.0,15304.0,12496.0,8676.0,5454.0,16695.0,8819.0,10068.0,8782.0,7838.0,12394.0,8171.0,19719.0,10767.0,9859.0,17237.0,9018.0,8448.0,8135.0,12136.0,6854.0,20559.0,12891.0,11170.0,6646.0,8072.0,11935.0,7916.0,5794.0,9012.0,18911.0
527030,Bacillus thuringiensis serovar huazhongensis BGSC 4BD1,S2,180854,13372.0,15840.0,13221.0,4886.0,6553.0,1601.0,8242.0,14455.0,22836.0,6362.0,22005.0,3070.0,16592.0,7902.0,6384.0,3750.0,3799.0,15328.0,13507.0,3993.0,12159.0,6639.0,7602.0,11921.0,5726.0,15599.0,6371.0,6033.0,5173.0,8131.0,9044.0,8181.0,15588.0,5191.0,12160.0,5872.0,11343.0,5123.0,15804.0,11575.0,10615.0,5573.0,5773.0,18042.0,4658.0,9957.0,6327.0,7114.0
562,Escherichia coli,S,561,4798.0,,35377.0,29373.0,2908.0,19286.0,3301.0,3457.0,4118.0,5872.0,2415.0,8646.0,32686.0,3173.0,1367.0,35811.0,16932.0,35385.0,4825.0,4427.0,,5530.0,6390.0,,4341.0,2517.0,,1727.0,3779.0,8249.0,2291.0,,5167.0,,1901.0,3108.0,4049.0,1681.0,34568.0,3126.0,2868.0,14742.0,2344.0,3112.0,35095.0,27158.0,1497.0,16148.0
320371,Burkholderia pseudomallei 1710a,S1,28450,9445.0,9384.0,13919.0,15010.0,5749.0,7084.0,6179.0,7393.0,9981.0,7414.0,10685.0,7865.0,16518.0,7476.0,7285.0,11856.0,10153.0,16336.0,6733.0,8559.0,5753.0,11039.0,8424.0,6175.0,7001.0,7518.0,6258.0,6629.0,7224.0,8790.0,10981.0,7320.0,8344.0,5429.0,6534.0,5873.0,10414.0,6535.0,13498.0,8455.0,8660.0,9417.0,6833.0,9049.0,12854.0,7757.0,8318.0,6196.0
1283,Staphylococcus haemolyticus,S,1279,15493.0,12787.0,2473.0,2585.0,8148.0,1751.0,9968.0,12624.0,14250.0,1856.0,14397.0,2404.0,7632.0,13196.0,10185.0,2869.0,1802.0,2659.0,13579.0,1741.0,7948.0,2229.0,1627.0,11653.0,1592.0,11596.0,10736.0,8580.0,9837.0,1880.0,9830.0,10203.0,17094.0,11418.0,10682.0,10107.0,15826.0,9189.0,2429.0,12920.0,12821.0,1972.0,9471.0,14683.0,2735.0,1643.0,8646.0,29316.0
67082,BeAn 58058 virus,S,40070,8879.0,6965.0,12598.0,12127.0,6022.0,7629.0,6673.0,7685.0,8816.0,7923.0,9010.0,8043.0,14491.0,7806.0,6202.0,10039.0,9032.0,15428.0,7526.0,7725.0,6318.0,11277.0,7818.0,7335.0,7904.0,8135.0,7465.0,6396.0,6595.0,8476.0,7461.0,6894.0,8405.0,6339.0,6930.0,6065.0,8880.0,7611.0,12799.0,7702.0,8572.0,9362.0,6140.0,8641.0,11945.0,8792.0,7225.0,5729.0
470,Acinetobacter baumannii,S,909768,17127.0,4194.0,13242.0,6081.0,2098.0,8551.0,3436.0,13953.0,12308.0,8025.0,8391.0,46447.0,19766.0,6355.0,2979.0,4939.0,3733.0,17726.0,11536.0,4924.0,2403.0,9972.0,6613.0,2968.0,9051.0,10283.0,3984.0,2164.0,9084.0,6090.0,4383.0,3070.0,7931.0,3704.0,4206.0,1708.0,6746.0,2352.0,9747.0,7895.0,7425.0,7239.0,2109.0,5025.0,7615.0,2689.0,5337.0,4136.0
2083300,Diolcogaster facetosa bracovirus,S,10485,9335.0,5667.0,11524.0,12658.0,4630.0,5584.0,5368.0,4526.0,6843.0,5643.0,10056.0,5687.0,16688.0,7141.0,5734.0,9302.0,8052.0,15817.0,7164.0,6081.0,4003.0,6723.0,6875.0,5028.0,6986.0,7806.0,8076.0,5569.0,5000.0,9398.0,6498.0,5549.0,10244.0,3187.0,5245.0,5933.0,6632.0,7544.0,11370.0,9642.0,2606.0,7653.0,4788.0,9301.0,9467.0,6670.0,5660.0,3267.0
29382,Staphylococcus cohnii,S,1279,14072.0,11704.0,,,6946.0,,8617.0,11194.0,12701.0,,12717.0,,,11986.0,9402.0,,,,11663.0,,6593.0,,,10953.0,,9731.0,10551.0,7515.0,8721.0,,8785.0,9043.0,15162.0,11185.0,8985.0,8632.0,13800.0,8085.0,,11776.0,11011.0,,8419.0,13031.0,,,7270.0,29205.0
1457195,Ralstonia solanacearum Rs-10-244,S1,305,12803.0,12310.0,,,9502.0,,13824.0,12524.0,8639.0,,16041.0,,,10257.0,7389.0,,,,15490.0,,8932.0,,,9079.0,,9188.0,8060.0,12616.0,8357.0,,10954.0,9971.0,17535.0,9244.0,8560.0,8248.0,12249.0,,,13003.0,11322.0,,8222.0,12197.0,,,9160.0,19134.0
526969,Bacillus cereus m1550,S1,1396,10238.0,6633.0,12139.0,1718.0,6872.0,1287.0,3849.0,6217.0,9363.0,1096.0,9964.0,730.0,11037.0,3975.0,6364.0,4594.0,1068.0,6563.0,7328.0,1256.0,3858.0,3356.0,5809.0,4608.0,1210.0,5275.0,6646.0,1532.0,8000.0,2176.0,5548.0,2623.0,10242.0,4276.0,2742.0,7896.0,7232.0,5638.0,4430.0,5522.0,7248.0,4855.0,3044.0,11083.0,1816.0,1247.0,2611.0,12284.0
33011,Cutibacterium granulosum,S,1912216,12851.0,,9861.0,,,10402.0,20085.0,16550.0,9219.0,,4763.0,4526.0,1740.0,11438.0,,,934.0,2732.0,15948.0,,,,7880.0,,3388.0,12252.0,3683.0,,7040.0,4019.0,,6304.0,7814.0,11329.0,,1658.0,13761.0,2201.0,,14184.0,,,,6532.0,,,5557.0,14404.0
1499308,Paracoccus mutanolyticus,S,265,7242.0,6824.0,2341.0,2127.0,2138.0,723.0,5493.0,7173.0,8171.0,1449.0,4605.0,1432.0,2640.0,5492.0,2205.0,1178.0,1123.0,3513.0,3009.0,471.0,1894.0,1663.0,1245.0,3275.0,791.0,4478.0,4515.0,2636.0,6025.0,2102.0,6262.0,4192.0,5062.0,12001.0,3235.0,2584.0,3915.0,2260.0,3905.0,8175.0,9696.0,1695.0,3112.0,8407.0,1765.0,1058.0,7923.0,9714.0
1196325,Pseudomonas putida DOT-T1E,S1,303,6039.0,1815.0,4209.0,3180.0,1628.0,2699.0,2075.0,1776.0,2287.0,2468.0,1744.0,46149.0,3712.0,2566.0,1813.0,3447.0,1318.0,6453.0,8688.0,1530.0,1264.0,2837.0,1937.0,1145.0,2093.0,6294.0,1594.0,1804.0,2297.0,1724.0,2815.0,5516.0,1541.0,1541.0,1346.0,1093.0,1448.0,1363.0,2991.0,2306.0,1456.0,1804.0,1067.0,5380.0,8521.0,1731.0,2784.0,4680.0
526991,Bacillus cereus AH676,S1,1396,4114.0,3391.0,4694.0,4836.0,2849.0,3025.0,3195.0,2975.0,2995.0,2412.0,2776.0,3165.0,4918.0,2860.0,2395.0,4727.0,3040.0,5530.0,3464.0,3718.0,2344.0,3367.0,3920.0,2633.0,3441.0,3069.0,3339.0,1923.0,3582.0,3357.0,4690.0,2646.0,3368.0,2632.0,2293.0,1985.0,3225.0,2493.0,4102.0,3162.0,2987.0,2882.0,2050.0,3161.0,4540.0,3224.0,2008.0,6130.0
1034807,Flavobacterium branchiophilum FL-15,S1,55197,,6295.0,,,,,,6622.0,15545.0,,8262.0,,,,,,,,,,,,,,,,6312.0,,,,10780.0,,8915.0,,,,8060.0,,,,14459.0,,,11070.0,,,17613.0,17096.0
526973,Bacillus cereus m1293,S1,1396,6382.0,2156.0,4859.0,3274.0,4241.0,3083.0,2157.0,2388.0,2135.0,1781.0,2480.0,2071.0,2833.0,1046.0,2044.0,2729.0,1562.0,1708.0,2953.0,1626.0,1504.0,2091.0,6549.0,1421.0,3260.0,2403.0,1719.0,923.0,2437.0,1904.0,3434.0,1100.0,2426.0,2638.0,1340.0,1615.0,2240.0,1543.0,1931.0,1917.0,2380.0,1581.0,912.0,2697.0,1864.0,1499.0,1208.0,6906.0
2057741,Bradyrhizobium sp. SK17,S,2631580,4366.0,3458.0,882.0,,,840.0,6313.0,7849.0,2350.0,493.0,3711.0,,319.0,,,1220.0,,240.0,4294.0,,,934.0,,2582.0,1538.0,1755.0,3363.0,2690.0,,924.0,5163.0,1428.0,1701.0,3625.0,1621.0,,9002.0,,2188.0,3767.0,,,,4565.0,,,5530.0,20854.0
2478552,Flavobacterium sp. 140616W15,S,196869,10218.0,6257.0,,,,,,,15354.0,,,,,,,,,,,,,,,6792.0,,,,,,,,,,8279.0,,,,,,,14119.0,,,10968.0,,,17526.0,17000.0
1282,Staphylococcus epidermidis,S,1279,12263.0,9832.0,468.0,,,575.0,,,,,11276.0,,5713.0,,8148.0,1186.0,,494.0,,,,,,,,,,,,,7344.0,,13179.0,,8015.0,,,,,,,,,,902.0,,,25333.0
29442,Pseudomonas tolaasii,S,136843,5296.0,1343.0,3270.0,2297.0,1077.0,2047.0,1564.0,1585.0,1658.0,1848.0,1226.0,,2374.0,1816.0,1111.0,2589.0,611.0,4822.0,8282.0,904.0,900.0,1646.0,1141.0,631.0,,5766.0,1169.0,1314.0,1893.0,,2332.0,4871.0,976.0,1239.0,940.0,,630.0,809.0,1948.0,1793.0,1044.0,1100.0,881.0,4774.0,7449.0,1221.0,2305.0,4527.0
34062,Moraxella osloensis,S,475,2154.0,1038.0,1527.0,639.0,1786.0,1915.0,4213.0,1830.0,1098.0,8582.0,822.0,4616.0,917.0,581.0,,943.0,352.0,360.0,15221.0,283.0,,141.0,995.0,704.0,1086.0,8209.0,,,7015.0,583.0,444.0,,4962.0,3823.0,,,752.0,539.0,248.0,3595.0,8154.0,,,174.0,944.0,461.0,,4398.0
40214,Acinetobacter johnsonii,S,469,11505.0,,3090.0,,,,,,1048.0,,,46490.0,,,,,,,,,,,,,5804.0,,,,,,1180.0,,2572.0,,,,,492.0,,4731.0,,,,,,,,3738.0
155892,Caulobacter vibrioides,S,75,,,5745.0,8513.0,,,,,,4182.0,,,5489.0,,,7865.0,6345.0,5595.0,,3856.0,,4936.0,4012.0,,3773.0,,,,,3516.0,,,,,,,,,4994.0,,,1980.0,,,7518.0,,,
1653479,Rhodococcus sp. PBTS 2,S,192944,,,,,,,,,,,,77894.0,,,,,,,,,,,,,,,,,,,,,,,,,,,,,,,,,,,,
1051973,Rhodococcus fascians D188,S1,1828,,,,,,,,,,,,77275.0,,,,,,,,,,,,,,,,,,,,,,,,,,,476.0,,,,,,,,,
1136179,Rhodococcus erythropolis CCM2595,S1,1833,,,,,,,,,,,,77567.0,,,,,,,,,,,,,,,,,,,,,,,,,,,,,,,,,,,,
1289591,Rhodococcus erythropolis R138,S1,1833,,,,,,,,,,,,77410.0,,,,,,,,,,,,,,,,,,,,,,,,,,,,,,,,,,,,
234621,Rhodococcus erythropolis PR4,S1,1833,,,,,,,,,,,,77409.0,,,,,,,,,,,,,,,,,,,,,,,,,,,,,,,,,,,,
1833,Rhodococcus erythropolis,S,1827,,,,,,,,,,,,77302.0,,,,,,,,,,,,,,,,,,,,,,,,,,,,,,,,,,,,
2294119,Flavobacterium sp. CJ74,S,196869,10191.0,,,,,,,,15288.0,,8169.0,,,,3666.0,,,,,,,,,6765.0,,,,,,,,,,,,,,,,,14200.0,,,,,,17393.0,
1290,Staphylococcus hominis,S,1279,,,,,,,,9560.0,,,13439.0,918.0,5205.0,,,1360.0,,,,,,,,,,,,,,,,,,9586.0,,,,,,,9997.0,,,,,,,25319.0
529884,Rhodoluna lacicola,S,529883,3770.0,2733.0,,,1047.0,,2484.0,1145.0,4883.0,,2167.0,,,1264.0,,,,,,,1272.0,,,2695.0,,,3021.0,1265.0,,,2500.0,1143.0,3532.0,2319.0,1929.0,881.0,3002.0,,,972.0,4787.0,,,4572.0,,,6488.0,5332.0
1678128,Limnohabitans sp. 63ED37-2,S,2626134,4134.0,2767.0,,,,,,2406.0,5243.0,,2600.0,,,,2200.0,,,,,,,,,,,,2937.0,,,,3760.0,2100.0,3666.0,1859.0,2215.0,1479.0,4045.0,2254.0,,1430.0,5699.0,,,3186.0,,,5606.0,5360.0
1094466,Flavobacterium indicum GPTSA100-9 = DSM 17447,S1,312277,,6365.0,,,,,,,15333.0,,,,,,3671.0,,,,,,,,,,1806.0,,,,,,,,,,,,,,,,,,,,,,17403.0,16935.0
40215,Acinetobacter junii,S,469,,,,,,6404.0,,,,,1055.0,42605.0,,,,,721.0,,7650.0,,,460.0,1623.0,,,,,,,607.0,,,,,,,,341.0,,,,,,,,,,
28090,Acinetobacter lwoffii,S,469,,,,,,6646.0,,,,,,42197.0,,,,,,,7578.0,,,,,,,4948.0,,,,,,,,,,,,,,,,,,,,,,
1286,Staphylococcus simulans,S,1279,,,422.0,509.0,,471.0,,9729.0,,,,,5158.0,,,1092.0,,262.0,,,,339.0,,,,,,,,,,,,,,,,,144.0,,9899.0,252.0,,,912.0,,,25638.0
108980,Acinetobacter ursingii,S,469,,,,,,,,,,,989.0,42027.0,,,,,,,,,,,,,,,,,7489.0,,,,,,,,,343.0,,,,,,,,,,3522.0
40137,Oligotropha carboxidovorans,S,40136,2608.0,1764.0,,,,,4230.0,4538.0,2068.0,,2891.0,,,,373.0,,,,2594.0,,,,,,,,2112.0,1750.0,,,3803.0,1113.0,1397.0,2636.0,,,5391.0,,,2606.0,796.0,,,3087.0,,,,8385.0
43990,Corynebacterium segmentosum,S,1716,843.0,,1472.0,,816.0,1819.0,,,148.0,,18176.0,2811.0,2096.0,1319.0,578.0,,,,1939.0,,,,2567.0,,,3218.0,,,2303.0,,539.0,572.0,569.0,,,,,,,,2127.0,,,,,291.0,907.0,5788.0
499174,Clostridioides difficile QCD-23m63,S1,1496,1586.0,1817.0,2827.0,1440.0,358.0,313.0,572.0,1109.0,2187.0,562.0,1688.0,760.0,3472.0,1405.0,529.0,484.0,412.0,3243.0,101.0,346.0,249.0,1735.0,548.0,921.0,545.0,2035.0,632.0,303.0,688.0,1652.0,1365.0,656.0,1637.0,376.0,839.0,921.0,1713.0,757.0,2196.0,1104.0,562.0,755.0,257.0,857.0,1059.0,374.0,479.0,272.0
2004644,Acinetobacter sp. WCHA45,S,196816,,,,,,,,,,,,42312.0,,,,,,,7485.0,,,,,,,,,,,,,,,,,,,,,,,,,,,,,
1274359,Pseudomonas sihuiensis,S,286,,,3174.0,,,,,,,,,45533.0,,,,,,,,,,,,,,,,,,,,,,,,,,,,,,,,,,,,
232537,Candidatus Rhodoluna limnophila,S,529883,3364.0,2420.0,,,,,,,4636.0,,1746.0,,,,,,,,,,,,,,,,3037.0,1154.0,,,2563.0,1052.0,3278.0,2119.0,,,3170.0,,,,4030.0,,805.0,4335.0,,,5540.0,5444.0
1898684,Pseudomonas sp. LPH1,S,2583993,,,,,,,,,,,,45813.0,,,,,,,,,,,,,,,,,,,2195.0,,,,,,,,,,,,,,,,,
1646498,Acinetobacter sp. TTH0-4,S,196816,,,,,,,,,,,,42369.0,,,,,,,,,,,,,5609.0,,,,,,,,,,,,,,,,,,,,,,,
996285,Pseudomonas stutzeri DSM 4166,S1,316,,,,,,,,,,,,47153.0,,,,,,,,,,,,,,,,,,,,,,,,,,,,,,,,,,,,
316,Pseudomonas stutzeri,S,578833,,,,,,,,,,,,46972.0,,,,,,,,,,,,,,,,,,,,,,,,,,,,,,,,,,,,
1827300,Pseudomonas sp. MYb193,S,2583993,,,,,,,,,,,,46787.0,,,,,,,,,,,,,,,,,,,,,,,,,,,,,,,,,,,,
237258,Cloacibacterium normanense,S,501783,,,679.0,166.0,,2086.0,,3542.0,,1277.0,4550.0,,,3217.0,,,,,1820.0,,,679.0,,3121.0,1909.0,,,,,2394.0,,3765.0,,4285.0,,,,,,,7746.0,,,5445.0,,,,
47885,Pseudomonas oryzihabitans,S,136845,,,,,,,,,,,,46215.0,,,,,,,,,,,,,,,,,,,,,,,,,,,,,,,,,,,,
237610,Pseudomonas psychrotolerans,S,286,,,,,,,,,,,,45853.0,,,,,,,,,,,,,,,,,,,,,,,,,,,,,,,,,,,,
253237,Pseudomonas sp. phDV1,S,2583993,,,,,,,,,,,,45711.0,,,,,,,,,,,,,,,,,,,,,,,,,,,,,,,,,,,,
287,Pseudomonas aeruginosa,S,136841,,,,,,,,,,,,45569.0,,,,,,,,,,,,,,,,,,,,,,,,,,,,,,,,,,,,
741155,Pseudomonas alcaliphila JAB1,S1,101564,,,,,,,,,,,,45525.0,,,,,,,,,,,,,,,,,,,,,,,,,,,,,,,,,,,,
300,Pseudomonas mendocina,S,136841,,,,,,,,,,,,45521.0,,,,,,,,,,,,,,,,,,,,,,,,,,,,,,,,,,,,
2169400,Gemmobacter sp. HYN0069,S,2636157,,,,,,,,,5793.0,,,,,4163.0,2009.0,,,,,,,,,,,,,,,,5543.0,3271.0,,4426.0,,,2323.0,,,,,,2487.0,,,,6391.0,8915.0
88688,Caulobacter segnis,S,75,,,5627.0,8095.0,,4603.0,,,,,,,5170.0,,,7327.0,5445.0,,,,,,4055.0,,3716.0,,,,,,,,,,,,,,,,,,,,,,,
1879049,Acinetobacter sp. WCHAc010034,S,196816,,,,,,,,,,,,42361.0,,,,,,,,,,,,,,,,,,,,,,,,,,,,,,,,,,,,
29430,Acinetobacter haemolyticus,S,469,,,,,,,,,,,,42337.0,,,,,,,,,,,,,,,,,,,,,,,,,,,,,,,,,,,,
2004646,Acinetobacter sp. WCHA55,S,196816,,,,,,,,,,,,42290.0,,,,,,,,,,,,,,,,,,,,,,,,,,,,,,,,,,,,
756892,Acinetobacter indicus,S,469,,,,,,,,,,,,42192.0,,,,,,,,,,,,,,,,,,,,,,,,,,,,,,,,,,,,
1197884,Acinetobacter venetianus VE-C3,S1,52133,,,,,,,,,,,,42167.0,,,,,,,,,,,,,,,,,,,,,,,,,,,,,,,,,,,,
40216,Acinetobacter radioresistens,S,469,,,,,,,,,,,,42020.0,,,,,,,,,,,,,,,,,,,,,,,,,,,,,,,,,,,,
48296,Acinetobacter pittii,S,909768,,,,,,,,,,,,42014.0,,,,,,,,,,,,,,,,,,,,,,,,,,,,,,,,,,,,
1678129,Limnohabitans sp. 103DPR2,S,2626134,,2497.0,,,,,2560.0,2367.0,4665.0,,,,,,,,,,,,,,,,,,2576.0,1231.0,,,,2173.0,,1839.0,,,,,,1498.0,5063.0,,1326.0,3077.0,,,5240.0,4932.0
1270,Micrococcus luteus,S,1269,599.0,1142.0,625.0,270.0,,3705.0,1414.0,1258.0,741.0,1293.0,3224.0,970.0,299.0,1150.0,,210.0,159.0,110.0,1813.0,,,1898.0,366.0,,247.0,1958.0,,828.0,553.0,1187.0,449.0,566.0,673.0,530.0,257.0,,424.0,105.0,,562.0,1497.0,,5232.0,162.0,,147.0,,2400.0
96344,Cupriavidus oxalaticus,S,106589,1020.0,1234.0,1751.0,2479.0,233.0,820.0,458.0,394.0,687.0,750.0,1277.0,,1786.0,406.0,906.0,,819.0,1847.0,264.0,,109.0,1395.0,1081.0,253.0,,652.0,549.0,619.0,894.0,1411.0,3025.0,741.0,314.0,220.0,354.0,,1113.0,463.0,1876.0,542.0,274.0,263.0,835.0,1178.0,1212.0,,864.0,886.0
208962,Escherichia albertii,S,561,,,32602.0,,,,,,,,,,,,,,,,,,,,,,,,2350.0,,,,,,,,,,,,,,2467.0,,,,,,,
366602,Caulobacter sp. K31,S,2648921,,,5590.0,,,4457.0,,,,,,,5138.0,,,7191.0,5380.0,,,,,,4046.0,,,,,,,,,,,,,,,,4730.0,,,,,,,,,
216778,Stenotrophomonas rhizophila,S,40323,,,,,,,,,,,,36305.0,,,,,,,,,,,,,,,,,,,,,,,,,,,,,,,,,,,,
1308,Streptococcus thermophilus,S,1301,5231.0,1784.0,4320.0,,,,2752.0,,,,,,,,,3502.0,,,10612.0,,,,,,,,,710.0,,,,,,,,,,,,,,,,,,,,6404.0
1365647,Xanthomonas euvesicatoria pv. alfalfae CFBP 3836,S2,359387,2258.0,331.0,256.0,,,523.0,389.0,368.0,287.0,,440.0,21078.0,284.0,257.0,217.0,218.0,,217.0,422.0,,287.0,212.0,,285.0,,556.0,401.0,252.0,219.0,,475.0,630.0,399.0,189.0,180.0,261.0,547.0,220.0,143.0,603.0,508.0,178.0,358.0,292.0,,184.0,362.0,
246,Chryseobacterium balustinum,S,59732,,,,,,,,,,,,34768.0,,,,,,,,,,,,,,,,,,,,,,,,,,,,,,,,,,,,
254,Chryseobacterium indoltheticum,S,59732,,,,,,,,,,,,33180.0,,,,,,,,,,,,,,,,,,,,,,,,,,,,,,,,,,,,
288000,Bradyrhizobium sp. BTAi1,S,2631580,,2481.0,,,,920.0,,,,,3370.0,,,,,,,,,,,1002.0,,,,,,,,,,1128.0,,,,,7262.0,,,3326.0,,,,,,362.0,,12392.0
90371,Salmonella enterica subsp. enterica serovar Typhimurium,S2,59201,,,32199.0,,,,,,,,,,,,,,,,,,,,,,,,,,,,,,,,,,,,,,,,,,,,,
2478663,Chryseobacterium sp. 3008163,S,2593645,,,,,,,,,,,,31810.0,,,,,,,,,,,,,,,,,,,,,,,,,,,224.0,,,,,,,,,
2201350,Phenylobacterium sp. HYN0004,S,2640670,,,2202.0,3522.0,,2098.0,,,,,,4726.0,2244.0,,,3110.0,2428.0,,,,,1955.0,2161.0,,1646.0,,,,,,,,,,,,,,2148.0,,,,,,3585.0,,,
2487065,Chryseobacterium sp. G0201,S,2593645,,,,,,,,,,,,31477.0,,,,,,,,,,,,,,,,,,,,,,,,,,,,,,,,,,,,
1241978,Chryseobacterium bernardetii,S,59732,,,,,,,,,,,,31375.0,,,,,,,,,,,,,,,,,,,,,,,,,,,,,,,,,,,,
187491,Corynebacterium glaucum,S,1716,,,,,,,,,,,28309.0,,,,,,,,,,,,,,,2970.0,,,,,,,,,,,,,,,,,,,,,,
35306,Simbu orthobunyavirus,S,11572,985.0,987.0,1239.0,119.0,903.0,195.0,987.0,868.0,1027.0,,1220.0,,1205.0,497.0,832.0,342.0,,863.0,945.0,,795.0,412.0,827.0,674.0,,647.0,909.0,235.0,1015.0,199.0,153.0,526.0,1099.0,755.0,427.0,1182.0,912.0,919.0,377.0,833.0,1024.0,305.0,494.0,912.0,199.0,156.0,267.0,1323.0
190721,Ralstonia insidiosa,S,48736,1689.0,1236.0,2299.0,,537.0,903.0,,,,,,581.0,2888.0,282.0,,2321.0,1184.0,2230.0,569.0,,,1879.0,,294.0,,,,640.0,917.0,,,,,,,,1004.0,285.0,3762.0,333.0,144.0,587.0,,1356.0,,,1236.0,1327.0
134537,Paraburkholderia fungorum,S,1822464,,,3462.0,3783.0,,888.0,,,,,,662.0,2596.0,,,1814.0,1498.0,2952.0,,1352.0,,1607.0,1520.0,,801.0,,,,,1780.0,,,,,,,,,2711.0,,,452.0,,,1880.0,437.0,,
526974,Bacillus cereus BDRD-ST24,S1,1396,1987.0,982.0,1184.0,1036.0,1337.0,,1809.0,829.0,,527.0,350.0,,880.0,289.0,608.0,972.0,365.0,1208.0,1497.0,1027.0,485.0,1026.0,,302.0,1022.0,1210.0,693.0,409.0,,622.0,,,1104.0,,,110.0,574.0,611.0,1011.0,411.0,1039.0,443.0,,707.0,,,,
2282124,Stenotrophomonas sp. ASS1,S,196198,,,,,,,,,,,,28233.0,,,,,,,,,,,,,,,,,,,,,,,,,,,,,,,,,,,,
1170318,Cutibacterium avidum 44067,S1,33010,,,,,,,,,,,,,,,,,,,,,,,,,,,,,,,,,,,,,13924.0,,,14208.0,,,,,,,,
2259340,Paracoccus sp. SC2-6,S,246570,,,,,,,,,,,3022.0,,,4652.0,,,,,2341.0,,,,,,,2744.0,,,5409.0,,,,,,,,,,,7316.0,,,2523.0,,,,,
1306519,Flavobacterium commune,S,237,,,,,,,7115.0,,,,,,,,,,,,,,,,,,,,,,,,,,,,,,,,,6268.0,14076.0,,,,,,,
645127,Corynebacterium kroppenstedtii DSM 44385,S1,161879,1140.0,,,,,,,,,,18281.0,,,,,,,,,,,,,470.0,,,,,,,,,,,,,,,,2023.0,,,,,,,,5493.0
402626,Ralstonia pickettii 12J,S1,329,,,3866.0,,,,,,,,1134.0,,3500.0,,,2265.0,,3499.0,,1244.0,,2157.0,2221.0,,,,,,,,,,,,,,,,4078.0,,,1053.0,,,2286.0,,,
2494374,Tabrizicola sp. K13M18,S,2620214,,,,,,,,,,,,,,,,,,,,,,,,,,,,,,,5667.0,,,,,,,,,,,,,5850.0,,,6439.0,8715.0
526984,Bacillus cereus Rock3-29,S1,1396,1887.0,,1120.0,,1245.0,,1126.0,827.0,566.0,338.0,275.0,,1175.0,314.0,,1528.0,,805.0,2062.0,,,1267.0,1605.0,,,1298.0,,177.0,,,2380.0,,876.0,1140.0,,,641.0,,706.0,327.0,614.0,279.0,192.0,599.0,428.0,,165.0,
147645,Paracoccus yeei,S,265,,,,,,,,,,,,,,,,,,,,,,,,,,,,,,,,3375.0,3758.0,18620.0,,,,,,,,,,,,,,
96345,Flavobacterium psychrophilum,S,237,,,,,,,,,,,,,,,,,,,,,,,,,,,,,,,,,,8241.0,,,,,,,,,,,,,17379.0,
69665,Caulobacter sp. FWC26,S,2648921,,,5591.0,,,4684.0,,,,,,,,,,7190.0,,,,,,,,,,,,,,,,,,,,,,,,,,,,,7544.0,,,
2565554,Sphingobium sp. PAMC28499,S,2611147,,,,,,,,,,,,24175.0,,,,,,,,,,,,,,,,,,,,,,,,,,,,,,,,,,,,
13690,Sphingobium yanoikuyae,S,165695,,,,,,,,,,,,23979.0,,,,,,,,,,,,,,,,,,,,,,,,,,,,,,,,,,,,
2082188,Sphingobium sp. YG1,S,2611147,,,,,,,,,,,,23970.0,,,,,,,,,,,,,,,,,,,,,,,,,,,,,,,,,,,,
146827,Corynebacterium simulans,S,1716,,,,,,,,,,,22266.0,,,,,,,,,,,,,,,,,,,,410.0,,661.0,,,,,,,,,,,,,,,
82380,Microbacterium oxydans,S,33882,,,,,,,,,,205.0,,20772.0,,,,,,,,,,,,,,,,,,,,,,,,,,,,,,,,,,,,2018.0
161899,Corynebacterium singulare,S,1716,,,,,,,,,,,20895.0,,1975.0,,,,,,,,,,,,,,,,,,,,,,,,,,,,,,,,,,,
28028,Corynebacterium flavescens,S,1716,,,,,,,,,,,17703.0,2378.0,,,,,,,,,,,2605.0,,,,,,,,,,,,,,,,,,,,,,,,,
401472,Corynebacterium ureicelerivorans,S,1716,,,,2311.0,,,,,,,18261.0,,2016.0,,,,,,,,,,,,,,,,,,,,,,,,,,,,,,,,,,,
548476,Corynebacterium aurimucosum ATCC 700975,S1,169292,,,,,,,,,,,21977.0,,,,,,,,,,,,,,,,,,,,,,,,,,,,,,,,,,,,,
1945662,Paracoccus contaminans,S,265,,,,,,,4691.0,,,,,,,4454.0,,,,,2495.0,,,,,,,,,,,,,,,,,,,,,,,,,,,,,9730.0
1396,Bacillus cereus,S,86661,1484.0,,577.0,565.0,1144.0,349.0,1004.0,635.0,,,150.0,306.0,118.0,,,738.0,,,1318.0,,309.0,294.0,1403.0,196.0,841.0,962.0,,,1117.0,,,,,978.0,,,351.0,,,223.0,492.0,,,420.0,321.0,485.0,,4035.0
38289,Corynebacterium jeikeium,S,1716,,,,,,,,,,,17838.0,,,,,,470.0,,,,,,,,,,,,,,,,,,,,,,,1996.0,,,,,453.0,,,
329,Ralstonia pickettii,S,48736,,,2744.0,2892.0,,,,,,,,,2793.0,,,,,2177.0,,1010.0,,1443.0,1866.0,,,,,,,,,,,,,,,,3740.0,,,,,,1506.0,,,
585529,Corynebacterium genitalium ATCC 33030,S1,38288,,,,,,,,1139.0,,,19006.0,,,,,,,,,,,,,,,,,,,,,,,,,,,,,,,,,,,,,
1200984,Streptomyces lividans 1326,S1,1916,728.0,612.0,610.0,391.0,356.0,251.0,355.0,575.0,683.0,214.0,686.0,143.0,501.0,428.0,399.0,289.0,179.0,465.0,356.0,214.0,324.0,250.0,323.0,433.0,623.0,607.0,469.0,394.0,527.0,,435.0,392.0,722.0,284.0,359.0,325.0,654.0,289.0,610.0,466.0,501.0,249.0,358.0,586.0,253.0,249.0,436.0,250.0
1915078,Thioclava nitratireducens,S,285107,,,,,,,,6405.0,,,,,,,,,,,,,,,,,,,,,,,,,,,,,,,,6801.0,,,,,,,6352.0,
36805,Microbacterium aurum,S,33882,,,,,,,,,,,,19087.0,,,,,,,,,,,,,,,,,,,,,,,,,,,,,,,,,,,,
2014542,Alcanivorax sp. N3-2A,S,2638842,686.0,388.0,655.0,361.0,232.0,128.0,347.0,261.0,190.0,,812.0,403.0,341.0,142.0,391.0,308.0,378.0,1705.0,403.0,221.0,,477.0,697.0,251.0,199.0,288.0,321.0,397.0,346.0,915.0,416.0,718.0,497.0,360.0,162.0,162.0,178.0,343.0,1285.0,359.0,463.0,265.0,132.0,507.0,268.0,698.0,,
2565555,Sphingomonas sp. PAMC26645,S,196159,,,1051.0,,,1371.0,,433.0,,,,12702.0,,,,,,,,,,,,,,,,,,,,,,,,,,,,,,,,,1580.0,,1759.0,
1855377,Candidatus Aquiluna sp. UB-MaderosW2red,S,2617988,1596.0,1054.0,,,,,,584.0,2521.0,,,,,,,,,,,,639.0,,,,,,,,,,1664.0,,1386.0,,,,1397.0,,,,2045.0,,321.0,,,,2853.0,2806.0
156978,Corynebacterium imitans,S,1716,,,,,,,,,,,17793.0,,,993.0,,,,,,,,,,,,,,,,,,,,,,,,,,,,,,,,,,
2306583,Halomonas sp. JS92-SW72,S,2609666,572.0,357.0,913.0,220.0,257.0,388.0,222.0,290.0,595.0,434.0,629.0,340.0,847.0,281.0,557.0,393.0,257.0,617.0,142.0,116.0,142.0,185.0,808.0,405.0,513.0,,703.0,,321.0,538.0,533.0,140.0,559.0,882.0,244.0,105.0,473.0,247.0,317.0,258.0,562.0,390.0,221.0,462.0,105.0,159.0,322.0,395.0
43770,Corynebacterium striatum,S,1716,,,,,,,,,,,17903.0,,,,,,,,,,,,,,,,,,,,,,,,,,,,,,,,,,,,,
2488819,Corynebacterium endometrii,S,1716,,,,,,,,,,,17766.0,,,,,,,,,,,,,,,,,,,,,,,,,,,,,,,,,,,,,
161896,Corynebacterium camporealensis,S,1716,,,,,,,,,,,17753.0,,,,,,,,,,,,,,,,,,,,,,,,,,,,,,,,,,,,,
1121353,Corynebacterium callunae DSM 20147,S1,1721,,,,,,,,,,,17708.0,,,,,,,,,,,,,,,,,,,,,,,,,,,,,,,,,,,,,
1267562,Cupriavidus gilardii CR3,S1,82541,1006.0,1265.0,,,,,454.0,482.0,,,1682.0,,,437.0,1032.0,,,,,,,,,329.0,,626.0,,,977.0,,2992.0,,,,,564.0,1101.0,532.0,,545.0,,,,1140.0,,,901.0,1384.0
996,Flavobacterium columnare,S,237,,,,,,,,,,,,,,,,,,,,,,,,,,,,,,,,,,,,,,,,,,,,,,,17409.0,
1844971,Curvibacter sp. AEP1-3,S,2685271,,,,,,,,,,,,,,,,,,,,,,,,,,,,,,,,,,,,,3424.0,,,,4544.0,,,,,,4681.0,4719.0
358,Agrobacterium tumefaciens,S,1183400,,,646.0,969.0,,,,,,675.0,,5712.0,839.0,,,457.0,866.0,566.0,760.0,292.0,,1585.0,402.0,,579.0,,,,,1075.0,,,,,,,,,1154.0,,,,,,,698.0,,
78587,Asticcacaulis excentricus,S,76890,1130.0,432.0,2257.0,,,,,357.0,145.0,,,,,,,,2447.0,3078.0,,,,,,519.0,,246.0,,,162.0,,462.0,181.0,,,321.0,293.0,424.0,,,,,,,224.0,3629.0,,482.0,425.0
1987356,Aurantimicrobium sp. MWH-Mo1,S,2623385,1514.0,,,,,,,680.0,2989.0,,983.0,,,625.0,,,,,,,,,,,,,,,,,1689.0,,1438.0,,,,,,,,,,,,,,2826.0,3133.0
223967,Methylorubrum populi,S,2282523,1207.0,798.0,,,515.0,,,802.0,,,,,,,1374.0,,,433.0,429.0,,,,,1228.0,,565.0,425.0,,,,,1298.0,593.0,,,,1191.0,,,384.0,729.0,,,243.0,,,,2653.0
43675,Rothia mucilaginosa,S,32207,,,,303.0,380.0,1352.0,,,,657.0,,2880.0,,,,,,212.0,2000.0,321.0,,,108.0,,481.0,,,,826.0,,,,542.0,616.0,,,,,,,,,1849.0,486.0,238.0,,309.0,1081.0
1075,Rhodobacter blasticus,S,1060,,,,,,,,,5860.0,,,,,,,,,,,,,,,,,,,,,,,,,,,,,,,,,,,,,,,8721.0
11777,Feline sarcoma virus (STRAIN HARDY-ZUCKERMAN 4),S1,39746,834.0,373.0,793.0,336.0,195.0,165.0,448.0,522.0,,399.0,496.0,176.0,780.0,,162.0,222.0,,546.0,446.0,,154.0,182.0,403.0,289.0,124.0,285.0,,265.0,218.0,188.0,403.0,230.0,259.0,136.0,,,203.0,,1290.0,,124.0,444.0,222.0,440.0,349.0,143.0,582.0,
1114965,Streptococcus parasanguinis FW213,S1,1318,,,,,,,,,,,,,,,,,,,7366.0,,,,,,,,,,,,,,,,,,,,,,,,,,,,,6404.0
2175091,Flavobacterium album,S,237,,,,,,,,,,,8166.0,,,5383.0,,,,,,,,,,,,,,,,,,,,,,,,,,,,,,,,,,
145391,Staphylococcus hominis subsp. hominis,S1,1290,,,,,,,,,,,13544.0,,,,,,,,,,,,,,,,,,,,,,,,,,,,,,,,,,,,,
2219696,Sphingomonas sp. FARSPH,S,196159,,,,,,,,,,,,13519.0,,,,,,,,,,,,,,,,,,,,,,,,,,,,,,,,,,,,
1274,Dermacoccus nishinomiyaensis,S,57495,616.0,,,,,,2184.0,536.0,275.0,,584.0,,,341.0,637.0,,,,260.0,,,,,,,,,,2759.0,,,,,5039.0,,,,103.0,,122.0,,,,,,,,
180282,Delftia tsuruhatensis,S,80865,,,,,,,,,,,2973.0,,,,,,,,,,,,,,,,,,,,,,2906.0,,,,,,,1640.0,,,,,,,,5641.0
1515612,Sphingopyxis fribergensis,S,165697,,,,,,,,,,,,11689.0,,,,,,,,,,,,,,,,,,,,,,,,,,,,,,,,,,,1408.0,
43768,Corynebacterium matruchotii,S,1716,,,1360.0,,,,,,,,,2389.0,2064.0,,,,,,5679.0,,,,,525.0,481.0,,,,,,,533.0,,,,,,,,,,,,,,,,
95485,Burkholderia stabilis,S,87882,,,,3430.0,,995.0,,,,,,,2324.0,,,,990.0,1890.0,,,,1652.0,,,,,,,,,,,,,,,,,,,,,,,1701.0,,,
2478662,Acidovorax sp. 1608163,S,2684926,,,,,,1681.0,,,,,,,1574.0,,,,,,,,,,,,,,,,,,,,,,,,,,,,4786.0,,,,,,4927.0,
1390395,Sphingomonas sp. LK11,S,196159,,,,,,,,,,,,12893.0,,,,,,,,,,,,,,,,,,,,,,,,,,,,,,,,,,,,
745310,Sphingomonas sp. MM-1,S,196159,,,,,,,,,,,,12775.0,,,,,,,,,,,,,,,,,,,,,,,,,,,,,,,,,,,,
93064,Sphingomonas koreensis,S,13687,,,,,,,,,,,,12757.0,,,,,,,,,,,,,,,,,,,,,,,,,,,,,,,,,,,,
2079596,Acinetobacter sp. SWBY1,S,196816,,,,,,,,12250.0,,,,,,,,,,,,,,,,,,,,,,,,,,,,,,,,,,,,,,,,
41276,Brevundimonas vesicularis,S,41275,,,,,,,,,,,,10017.0,,,,,,,,1672.0,,,,,,,,,231.0,,,,,,,,,,,,,,,,,,,
1242245,Acinetobacter johnsonii XBB1,S1,40214,11616.0,,,,,,,,,,,,,,,,,,,,,,,,,,,,,,,,,,,,,,,,,,,,,,,
1449752,Staphylococcus epidermidis PM221,S1,1282,,,,,,,,,,,11501.0,,,,,,,,,,,,,,,,,,,,,,,,,,,,,,,,,,,,,
1437360,Bradyrhizobium erythrophlei,S,374,,,,,,,,,,,,,,,,,,,,,,,,,,,,,,,,,,,,,,,,,,,,,,,,11379.0
28035,Staphylococcus lugdunensis,S,1279,,,,,,,,,,,11230.0,,,,,,,,,,,,,,,,,,,,,,,,,,,,,,,,,,,,,
1274631,Bradyrhizobium icense,S,374,,,,,,,,,,,,,,,,,,,,,,,,,,,,,,,,,,,,,,,,,,,,,,,,11202.0
1678728,Flavobacterium kingsejongi,S,237,,,,,,,,,,,,,,,,,,,,,,,,,,,,,,,10786.0,,,,,,,,,,,,,,,,,
2047,Rothia dentocariosa,S,32207,,,593.0,,,,834.0,,,,,,,,,,,,3046.0,,,,,,,880.0,,325.0,,,479.0,,,642.0,202.0,,,,,,,,1874.0,528.0,,,,1269.0
11788,Abelson murine leukemia virus,S,353769,443.0,210.0,334.0,164.0,,176.0,129.0,315.0,645.0,301.0,380.0,241.0,649.0,,170.0,,115.0,459.0,213.0,,244.0,372.0,324.0,220.0,173.0,256.0,220.0,369.0,,170.0,,172.0,263.0,,210.0,267.0,367.0,,500.0,240.0,243.0,271.0,,324.0,167.0,,182.0,
87883,Burkholderia multivorans,S,87882,,,,,,,,,,785.0,1112.0,,2275.0,,,,,,,956.0,,,,,,,,,,,3873.0,,,,,,,,,,,,,,1404.0,,,
2591463,Brevundimonas sp. M20,S,2622653,,,,,,,,,,,,10003.0,,,,,,,,,,,,,,,,,,,,,,,,,,,,,,,,,,,,
1082851,Comamonas serinivorans,S,283,3812.0,,,,,,,,,,,1320.0,,,,,,,,,,,,,,,,,,,,,,,,,,,,,,,,,,,4859.0,
40324,Stenotrophomonas maltophilia,S,995085,2841.0,,,296.0,,,791.0,,,,473.0,,,,,,,,,,382.0,,,295.0,,,,,202.0,,,1388.0,,,,,,280.0,,429.0,1003.0,,,,,222.0,,1348.0
1194526,Staphylococcus warneri SG1,S1,1292,,,,,,,,,,,,,,,,,,,,,,,,,,,,,,,,,,,,,,,,,9919.0,,,,,,,
535712,Candidatus Rhodoluna planktonica,S,529883,,,,,,,,,4406.0,,,,,,,,,,,,,,,,,,,,,,,,,,,,,,,,,,,,,,5320.0,
858619,Corynebacterium variabile DSM 44702,S1,1727,,,,,,,,,,,,,,,,,,,,,,,,,,2801.0,,,,,,,,,,,,,,,,,,,,,,6498.0
56947,Choristoneura fumiferana granulovirus,S,558017,243.0,,301.0,123.0,,649.0,128.0,160.0,198.0,193.0,350.0,,568.0,123.0,193.0,,204.0,657.0,185.0,114.0,149.0,201.0,282.0,306.0,128.0,,125.0,,159.0,186.0,349.0,,282.0,,,197.0,276.0,234.0,424.0,123.0,,277.0,,663.0,182.0,121.0,127.0,113.0
29385,Staphylococcus saprophyticus,S,1279,,,,,,,,,,,,,,,,,,,,,,,,,,,,,,,,,,9203.0,,,,,,,,,,,,,,
1933220,Sphingobacterium sp. B29,S,2609468,,,,,,,,,,,,9101.0,,,,,,,,,,,,,,,,,,,,,,,,,,,,,,,,,,,,
170573,Staphylococcus pettenkoferi,S,1279,,,,,,,,,,,,,9056.0,,,,,,,,,,,,,,,,,,,,,,,,,,,,,,,,,,,
2003121,Sphingobacterium sp. G1-14,S,2609468,,,,,,,,,,,,8850.0,,,,,,,,,,,,,,,,,,,,,,,,,,,,,,,,,,,,
28037,Streptococcus mitis,S,1301,,,4205.0,,,,,2660.0,,,1974.0,,,,,,,,,,,,,,,,,,,,,,,,,,,,,,,,,,,,,
1528099,Lawsonella clevelandensis,S,1847725,554.0,278.0,180.0,,,343.0,235.0,612.0,129.0,394.0,531.0,294.0,,,,163.0,,165.0,601.0,,,,,,,104.0,104.0,,,,112.0,,194.0,538.0,358.0,,314.0,,,244.0,172.0,,,,121.0,,907.0,1030.0
573,Klebsiella pneumoniae,S,570,,,,,,,,,,,,8114.0,,,,,,,,,,,,,,,,,,,,,,,,,,,,,,,,,,,,
424720,Shigella flexneri Y,S1,623,,,,,,,,,,,,7857.0,,,,,,,,,,,,,,,,,,,,,,,,,,,,,,,,,,,,
29378,Staphylococcus arlettae,S,1279,,,,,,,,,,,,,,,,,,,,,,,,,,,,,7446.0,,,,,,,,,,,,,,,,,,,
71999,Kocuria palustris,S,57493,,,,,,,890.0,,572.0,740.0,706.0,,,,,,,,,,,,,,482.0,,337.0,389.0,523.0,917.0,,,271.0,774.0,,,,,,,,,,441.0,,,,
1159327,Pontimonas salivibrio,S,1434032,,867.0,,,,,,,1964.0,,,,,,,,,,,,,,,,,,,,,,,,,,,,,,,,,,,,,,1975.0,2030.0
526992,Bacillus cereus AH1271,S1,1396,,,,,1902.0,,1205.0,,,,416.0,,,,,,,,,,,,,,,1071.0,,,,,,,,,562.0,,,,,,730.0,,,913.0,,,,
1049583,Kocuria indica,S,57493,,,,,,,,,,,,,,,,,,,4144.0,,,,,,,2649.0,,,,,,,,,,,,,,,,,,,,,,
47671,Lautropia mirabilis,S,47670,,1255.0,,,,,,,,,,,1606.0,,,,,,,,,,1223.0,,,,,,,,,,,,,,1019.0,,,502.0,,,1122.0,,,,,
225991,Comamonas aquatica,S,283,,,,,,,2250.0,,,,2367.0,,,,,,,,1619.0,,,,468.0,,,,,,,,,,,,,,,,,,,,,,,,,
480,Moraxella catarrhalis,S,475,,,,,,,,,,,,3811.0,,,,,,,,,,,,,,2868.0,,,,,,,,,,,,,,,,,,,,,,
2547394,Flavobacterium nackdongense,S,237,,,,,,,,,,,,,,,,,,,,,,,,,,,,,,,,,,,,,,,,6238.0,,,,,,,,
1285583,Corynebacterium casei LMG S-19264,S1,160386,,411.0,,,,,,,,,,,,,,,,,,,,,,,,,,,,,,,,,,,,,,,,,,,,,,5550.0
2498451,Rheinheimera sp. LHK132,S,115860,3074.0,,,,,176.0,,,351.0,,,1963.0,,,,,,,,,,,,,,,,140.0,,,,,,,,,,,,,,,,,,,256.0,
1117645,Elizabethkingia anophelis,S,308865,,,,,,,,,,,,,,,,,,,,,,,,,,,,,,,5947.0,,,,,,,,,,,,,,,,,
272942,Rhodobacter capsulatus SB 1003,S1,1061,5739.0,,,,,,,,,,,,,,,,,,,,,,,,,,,,,,,,,,,,,,,,,,,,,,,
259,Sphingobacterium thalpophilum,S,28453,,,,,,,,,,,,5605.0,,,,,,,,,,,,,,,,,,,,,,,,,,,,,,,,,,,,
1379,Gemella haemolysans,S,1378,,,1167.0,,,145.0,,,,,252.0,,,542.0,,,,,243.0,,,,,,,,,343.0,,,,201.0,,839.0,,,,,,1095.0,221.0,,,,,,,545.0
2065379,Paracoccus jeotgali,S,265,,,,,,,,,,,,,,,,,,,,,,,,,,,,,5406.0,,,,,,,,,,,,,,,,,,,
11884,Y73 sarcoma virus,S,153057,429.0,268.0,142.0,197.0,106.0,125.0,,261.0,142.0,,415.0,,283.0,142.0,,138.0,106.0,299.0,,,,,236.0,,,,340.0,,,142.0,106.0,,107.0,,,161.0,302.0,,142.0,,,261.0,176.0,269.0,,,,
2487071,Chryseobacterium sp. F5649,S,2593645,,,,,,,,,,,,,,,,,,,,,,,,,,,,,,,,,,5042.0,,,,,,,,,,,,,,
129817,Pseudomonas brenneri,S,136843,5028.0,,,,,,,,,,,,,,,,,,,,,,,,,,,,,,,,,,,,,,,,,,,,,,,
398578,Delftia acidovorans SPH-1,S1,80866,,,,,,,,,,,,,,,,,,,,,,,,,,,,,,,,,,,,,,,,,5008.0,,,,,,,
33010,Cutibacterium avidum,S,1912216,,,,,,,,,,,,,,,4992.0,,,,,,,,,,,,,,,,,,,,,,,,,,,,,,,,,
11878,Avian sarcoma virus CT10,S,153057,160.0,,126.0,,160.0,,167.0,226.0,157.0,113.0,195.0,,158.0,,,157.0,,197.0,231.0,,114.0,241.0,164.0,,,269.0,157.0,,,124.0,160.0,157.0,124.0,,,151.0,,167.0,127.0,119.0,241.0,192.0,,273.0,,,162.0,
1881016,Achromobacter sp. MFA1 R4,S,2626865,307.0,,,,,,,,,,,4557.0,,,,,,,,,,,,,,,,,,,,,,,,,,,,,,,,,,,,
365044,Polaromonas naphthalenivorans CJ2,S1,216465,,,,,,,,,,,,,,,,,,,,,273.0,,,,,,,,,,,,,,,,,,,,,,,,,,,4584.0
219572,Pseudomonas antarctica,S,286,,,,,,,,,,,,,,,,,,,,,,,,,,,,,,,,4825.0,,,,,,,,,,,,,,,,
11970,Woolly monkey sarcoma virus,S,153135,205.0,,490.0,,,,,184.0,,195.0,127.0,214.0,487.0,,,,,430.0,,160.0,127.0,235.0,260.0,,,,,156.0,,,,,127.0,,,,,,363.0,163.0,,,,280.0,,117.0,359.0,136.0
2109914,Ottowia oryzae,S,219181,,,,,,,,,,,,,,,,,558.0,,,,,,,,,,,,,,,,,,,,,,,1399.0,,,,2832.0,,,,
1331671,Pseudomonas putida H8234,S1,303,,,,,,,,,,,,,,,,,,4787.0,,,,,,,,,,,,,,,,,,,,,,,,,,,,,,
358220,Acidovorax sp. KKS102,S,2684926,,,,,,,,,,,,,,,,,,,,,,,,,,,,,,,,,,,,,,,,,4786.0,,,,,,,
1795631,Variovorax sp. PAMC 28711,S,663243,,,,,,,,,,,,,,,,,,,,,,,,,,,,,,,,,,,,,,,,,,,,,,,4713.0,
2109915,Simplicispira suum,S,352450,,,,,,,,,,,,,,,,,,,,,,,,,,,,,,,,,,,,,,,,,4677.0,,,,,,,
2487072,Chryseobacterium sp. H6466,S,2593645,,,,,,,,,,,,,,,,,,,,,,,,,,,,,,,,,,4671.0,,,,,,,,,,,,,,
303,Pseudomonas putida,S,136845,,,,,,,,,,,,,,,,,,4670.0,,,,,,,,,,,,,,,,,,,,,,,,,,,,,,
359110,Pseudomonas extremaustralis,S,286,,,,,,,,,,,,,,,,,,,,,,,,,,,,,,,,,,,,,,,,,,,,,,,,4655.0
450851,Phenylobacterium zucineum HLK1,S1,284016,,,,,,,,,,,,4619.0,,,,,,,,,,,,,,,,,,,,,,,,,,,,,,,,,,,,
250,Chryseobacterium gleum,S,59732,,,,,,,,,,,4618.0,,,,,,,,,,,,,,,,,,,,,,,,,,,,,,,,,,,,,
217203,Achromobacter spanius,S,222,,,,,,,,,,,,4593.0,,,,,,,,,,,,,,,,,,,,,,,,,,,,,,,,,,,,
762376,Achromobacter xylosoxidans A8,S1,85698,,,,,,,,,,,,4528.0,,,,,,,,,,,,,,,,,,,,,,,,,,,,,,,,,,,,
755732,Fluviicola taffensis DSM 16823,S1,191579,376.0,,,,182.0,,268.0,,563.0,,,,,,,,,,,,,,,123.0,,,,184.0,,,,,230.0,,630.0,,367.0,304.0,,,272.0,,,442.0,,,366.0,188.0
311402,Agrobacterium vitis S4,S1,373,,,,,,,,,,,,4310.0,,,,,,,,,,,,,,,,,,,,,,,,,,,,,,,,,,,,
2161816,Tessaracoccus timonensis,S,72763,,,,,,,,,,,4275.0,,,,,,,,,,,,,,,,,,,,,,,,,,,,,,,,,,,,,
421525,Chryseobacterium haifense,S,59732,,,,,,,,,,,,,,,,,,,,,,,,,,,,,,,,,4266.0,,,,,,,,,,,,,,,
2283318,Moraxellaceae bacterium HYN0046,S,54393,,,,,,,,,,,,4233.0,,,,,,,,,,,,,,,,,,,,,,,,,,,,,,,,,,,,
56730,Rhizobium gallicum,S,379,,,,,,,,,,,,4227.0,,,,,,,,,,,,,,,,,,,,,,,,,,,,,,,,,,,,
158822,Cedecea neteri,S,158483,,,,,,,,,,,,,,,,,,,3963.0,,,,,,,,,,,,,,,,,,,,,,,,,,,,,
80866,Delftia acidovorans,S,80865,,,,,,,,,,,,,,,,,,,,,,,,,,,,,,,,,,1625.0,2147.0,,,,,,,,,,,,,
2702,Gardnerella vaginalis,S,2701,244.0,,354.0,,,,,,183.0,,,1032.0,327.0,,,414.0,223.0,291.0,,258.0,,,,,,,,,,,,,,,,349.0,,,,,,,,,,,,
527029,Bacillus thuringiensis serovar pondicheriensis BGSC 4BA1,S2,180874,640.0,,324.0,,,,,,,,,,145.0,,526.0,,,642.0,,,,308.0,201.0,,,,,,,,,,,,,,198.0,,,150.0,538.0,,,,,,,
152682,Sphingomonas melonis,S,13687,,,1256.0,,,,,,,,,,,,649.0,,,,,,,,,,,,,,,,,,583.0,,,,,,,,,,,,1165.0,,,
671223,Propionibacterium sp. oral taxon 193,S,2608905,,,,,,,,,,,,,,,,,,,,,,,,,,,3638.0,,,,,,,,,,,,,,,,,,,,,
529,Ochrobactrum anthropi,S,528,380.0,469.0,,,,,,231.0,,,,1475.0,,198.0,220.0,,,,,,,,,259.0,,,,281.0,,,,,,,,,,,,,,,,,,,,
28132,Prevotella melaninogenica,S,838,,,,,,,3230.0,,,,280.0,,,,,,,,,,,,,,,,,,,,,,,,,,,,,,,,,,,,,
536441,Chryseobacterium taklimakanense,S,59732,,3443.0,,,,,,,,,,,,,,,,,,,,,,,,,,,,,,,,,,,,,,,,,,,,,,
1314,Streptococcus pyogenes,S,1301,,,,,,,,,,,,,,3439.0,,,,,,,,,,,,,,,,,,,,,,,,,,,,,,,,,,
2213200,Nocardia mangyaensis,S,1817,,,,,,,,,,,,3391.0,,,,,,,,,,,,,,,,,,,,,,,,,,,,,,,,,,,,
28038,Lactobacillus curvatus,S,1578,,,323.0,,,,,,,,,,2036.0,,,,629.0,343.0,,,,,,,,,,,,,,,,,,,,,,,,,,,,,,
1867715,Bosea sp. Tri-49,S,2653178,,,,,,,,,,,,,,,,,,,,,,,,,,,,,,,,,,,,,,,,,,,,,,,3250.0,
2500532,Paracoccus sp. Arc7-R13,S,246570,,,,,,,,,,,,,,,,,,,,,,,,,,3100.0,,,,,,,,,,,,,,,,,,,,,,
195105,Haematobacter massiliensis,S,366614,,,,,,,,,,,3062.0,,,,,,,,,,,,,,,,,,,,,,,,,,,,,,,,,,,,,
556288,Brachybacterium saurashtrense,S,43668,,,,,,,,,,,,,,,,,,,,,,,,,,,,,,,2977.0,,,,,,,,,,,,,,,,,
11780,Snyder-Theilen feline sarcoma virus,S,153135,180.0,282.0,209.0,,,,,,,,,216.0,208.0,106.0,,,,230.0,,,131.0,187.0,176.0,117.0,,,,,,,,167.0,,,,,154.0,,287.0,,,165.0,,,119.0,,,
2282309,Leclercia sp. W17,S,2627398,,,,,,,2776.0,,,,,,,,,,,,,,,,,,,,,,,,,,,,,,,,,,,,,,,,,
2057025,Spirosoma pollinicola,S,107,127.0,,,,314.0,,,,316.0,,,,,242.0,,234.0,,,,,,,173.0,,202.0,,,,,,175.0,,,,,,180.0,,,126.0,264.0,,,210.0,148.0,,,
2055,Gordonia terrae,S,2053,,,,,,,,,,,,2584.0,,,,,,,,,,,,,,,,,,,,,,,,,,,,,,,,,,,,
337191,Gordonia sp. KTR9,S,2657482,,,,,,,,,,,,2579.0,,,,,,,,,,,,,,,,,,,,,,,,,,,,,,,,,,,,
1736691,Aeromicrobium choanae,S,2040,,,,,,,,,,,,2575.0,,,,,,,,,,,,,,,,,,,,,,,,,,,,,,,,,,,,
1584,Lactobacillus delbrueckii,S,1578,,,,,,,,,,,,,,,,1311.0,,,,,,,,,,,,,,,,,536.0,,,,,,,,715.0,,,,,,,
1903187,Microcystis aeruginosa PCC 7806SL,S2,267872,,,2540.0,,,,,,,,,,,,,,,,,,,,,,,,,,,,,,,,,,,,,,,,,,,,,
1596,Lactobacillus gasseri,S,1578,,,,,,,,,,,,,,,,,,,,,,,,,,,,,2524.0,,,,,,,,,,,,,,,,,,,
192,Azospirillum brasilense,S,191,,,,,,,,,,,,2508.0,,,,,,,,,,,,,,,,,,,,,,,,,,,,,,,,,,,,
137722,Azospirillum sp. B510,S1,193,,,,,,,,,,,,2469.0,,,,,,,,,,,,,,,,,,,,,,,,,,,,,,,,,,,,
528244,Azospirillum thiophilum,S,191,,,,,,,,,,,,2455.0,,,,,,,,,,,,,,,,,,,,,,,,,,,,,,,,,,,,
1599,Lactobacillus sakei,S,1578,,,,,,,,,,,,,2448.0,,,,,,,,,,,,,,,,,,,,,,,,,,,,,,,,,,,
658630,Pseudomonas sp. CMR5c,S,2583993,,,,,,,,,,,,,,,,,,,,,,,,,,,,,,,2351.0,,,,,,,,,,,,,,,,,
1565991,Bacillus sp. X1(2014),S,185979,,,,,,,,,,,,,,,,,,,,,,,,,,,,,,,2293.0,,,,,,,,,,,,,,,,,
488447,Burkholderia contaminans,S,87882,,,,,,,,,,,,,2267.0,,,,,,,,,,,,,,,,,,,,,,,,,,,,,,,,,,,
1842727,Rhodoferax koreense,S,28065,,,,,,,,,,,,,,,,,,,,,,,,,,,2259.0,,,,,,,,,,,,,,,,,,,,,
1302,Streptococcus gordonii,S,1301,,1887.0,,,,,,,,,,,,,,,,,,,,,,,,,,,,,,,,,,,,,,,,,,,,342.0,,
35841,Bacillus thermoamylovorans,S,1386,,,,,,,,,,,,,,,,,,,,,,,,,,,,166.0,,,2019.0,,,,,,,,,,,,,,,,,
2341117,Arachidicoccus sp. KIS59-12,S,2636138,,,,,,,,,,,544.0,,,,,,,,140.0,,257.0,,,,,,416.0,,,,,,,,,,,,,,780.0,,,,,,,
1759399,Streptococcus sp. A12,S,2608887,,,,,,,,,,,2112.0,,,,,,,,,,,,,,,,,,,,,,,,,,,,,,,,,,,,,
10359,Human betaherpesvirus 5,S,10358,,,,,,,,,,,,,,,,,,,,,,,,,2092.0,,,,,,,,,,,,,,,,,,,,,,,
246201,Streptococcus mitis NCTC 12261,S1,28037,,,,,,,,,,,2088.0,,,,,,,,,,,,,,,,,,,,,,,,,,,,,,,,,,,,,
1636603,Acinetobacter sp. ACNIH1,S,196816,,,,,,,,,,,,,,,,,,,,,,,,,,,,,,734.0,,,,,,,,,,,,,,,,,1327.0,
363852,Pedobacter ginsengisoli,S,84567,,,,,,,,,,,,2027.0,,,,,,,,,,,,,,,,,,,,,,,,,,,,,,,,,,,,
39778,Veillonella dispar,S,29465,,,,,,,2019.0,,,,,,,,,,,,,,,,,,,,,,,,,,,,,,,,,,,,,,,,,
370764,Microbacterium pygmaeum,S,33882,,,,,,,,,,,,,,,,,,,,,,,,,,,,,,,,,,,,,,,,,,,,,,,,2007.0
979556,Microbacterium testaceum StLB037,S1,2033,,,,,,,,,,,,,,,,,,,,,,,,,,,,,,,,,,,,,,,,,,,,,,,,2004.0
621456,Sphingomonas melonis TY,S1,152682,,,,,,,,,,,,,,,,,419.0,,,,,,,,,,,,,,,,,,,,,,,,,,,,,,,1581.0
889201,Streptococcus cristatus ATCC 51100,S1,45634,,,,,,,,,,,1963.0,,,,,,,,,,,,,,,,,,,,,,,,,,,,,,,,,,,,,
95486,Burkholderia cenocepacia,S,87882,,,,,,,,,,,,,,,,,,,,,,,,,,,,,,,,,,,,,,,1946.0,,,,,,,,,
1402,Bacillus licheniformis,S,653685,,,,,,,,,,,,,,,,,,,,,,,,,,,,,,,1944.0,,,,,,,,,,,,,,,,,
1211579,Pseudomonas putida NBRC 14164,S1,303,,,,,,,,,,,,,,,,,,,,,,,,916.0,,,1013.0,,,,,,,,,,,,,,,,,,,,,
2489595,Glaciecola sp. THG-3.7,S,2618684,449.0,,,,,,,,210.0,,,,,,,,,,,,,,,,,,105.0,,,,175.0,,,267.0,,,,,,,141.0,,,,,,319.0,260.0
1303,Streptococcus oralis,S,1301,,,,,,,,,,,1904.0,,,,,,,,,,,,,,,,,,,,,,,,,,,,,,,,,,,,,
1926494,Paraburkholderia sp. SOS3,S,2615204,,,,,,,,,,,,,1872.0,,,,,,,,,,,,,,,,,,,,,,,,,,,,,,,,,,,
879274,Shinella sp. HZN7,S,2643062,,,,,,,,,,,,1337.0,527.0,,,,,,,,,,,,,,,,,,,,,,,,,,,,,,,,,,,
526227,Meiothermus silvanus DSM 9946,S1,52022,,,276.0,337.0,,110.0,,,,,,,,,,179.0,161.0,,,,,169.0,,,132.0,,,,,,172.0,,,,,,,,,,,,,,290.0,,,
240016,Verrucomicrobium spinosum DSM 4136 = JCM 18804,S1,2736,116.0,,,,,,189.0,,232.0,,223.0,122.0,,,,,,,,,,,,,,,,,,,,,,,186.0,129.0,,,,102.0,240.0,,,,,,,278.0
712633,Streptococcus sp. oral taxon 431,S,2608887,,,,,,,,,,,,,,,,,,,,,,,,,,,,,,,,,,,,,,,,,,,,,,,1808.0,
335406,Sphingosinicella microcystinivorans,S,335405,,,,,,,,,,,,,,,,,,,,,,,,,,,,,,739.0,,,,,,,,,,,,,,,1035.0,,,
1523415,Sphingomonas sp. AAP5,S,196159,,,,514.0,,,,,,,,,,,,,,,,,,,,,,,,,,,,,,,,,,,,,,,,,1249.0,,,
556054,Polynucleobacter difficilis,S,44013,951.0,,,,,,,,,,,,,,,,,,,,,,,,,,395.0,,,,,,,,,,,,,392.0,,,,,,,,
2545632,Rheinheimera sp. D18,S,115860,568.0,,,,,,,,,,,1144.0,,,,,,,,,,,,,,,,,,,,,,,,,,,,,,,,,,,,
2039166,Chryseobacterium sp. 6424,S,2593645,,,,,,1704.0,,,,,,,,,,,,,,,,,,,,,,,,,,,,,,,,,,,,,,,,,,
297,Hydrogenophilus thermoluteolus,S,70774,,,,,,,,,,,,,,,,,,,,,,,,,,,,,,,,,,,,,,,,,,,,,1694.0,,,
1922225,Erythrobacter sp. Alg231-14,S,2633097,,,113.0,188.0,,,,,,,,,222.0,,,231.0,150.0,176.0,,,,,219.0,,,,,,,,,,,,,,,,188.0,,,,,,191.0,,,
1358,Lactococcus lactis,S,1357,,,416.0,,,,,,,,,,,,,644.0,435.0,,,,,,,,,,,,,,,,,,,,,,183.0,,,,,,,,,
2052837,Neisseriaceae bacterium DSM 100970,S,421605,,116.0,,,,,,,463.0,,,,236.0,,,,,,,,,,,456.0,,,,,,,,,,,240.0,,,,,,,,,140.0,,,,
1546149,Diaphorobacter polyhydroxybutyrativorans,S,238749,,,,,,,,,,,,,,,,,,,1638.0,,,,,,,,,,,,,,,,,,,,,,,,,,,,,
232721,Acidovorax sp. JS42,S,2684926,,,,,,,,,,,,,1626.0,,,,,,,,,,,,,,,,,,,,,,,,,,,,,,,,,,,
109790,Lactobacillus jensenii,S,1578,,,,,,426.0,,,,,,,,,,,,,,,,,,,,,,,,,,,,,,,,,,,,,,,,,,1191.0
1260,Finegoldia magna,S,150022,,,,362.0,,,,,,,,,179.0,,,187.0,,,,,,,,,,,,,,,,,,,,,,,218.0,454.0,173.0,,,,,,,
428406,Ralstonia pickettii 12D,S1,329,,,,,,,,,,,,,,,,,991.0,,,,,,,,,,550.0,,,,,,,,,,,,,,,,,,,,,
375,Bradyrhizobium japonicum,S,374,,,,,,,,,,,,,,,,,,,,,,,,,,,,,,,,,1526.0,,,,,,,,,,,,,,,
29391,Gemella morbillorum,S,1378,,,,,,,,,,,,,,,,,,,,,,,,,,,,,,,,,,,,,,386.0,,1094.0,,,,,,,,
904291,Microbacterium sediminis,S,33882,,,,,,,,,,,,,,,,,,,,,,,,,,,,,,150.0,1327.0,,,,,,,,,,,,,,,,,
391008,Stenotrophomonas maltophilia R551-3,S1,40324,,,,,,,,,,,,,,,,,,,,,,,,,,,,,,,,,,,,,,,,,,,,,,,,1473.0
576610,Polynucleobacter necessarius,S,44013,,,,,,,,,,,,,,189.0,,,,,,,,,,,,,,,,,,,,,,,,,,,397.0,,,,,,885.0,
525919,Anaerococcus prevotii DSM 20548,S1,33034,,,,,383.0,,962.0,,,,,,116.0,,,,,,,,,,,,,,,,,,,,,,,,,,,,,,,,,,,
2003188,Parolsenella catena,S,2082587,,,,111.0,,,,,185.0,,185.0,,186.0,,,,,112.0,,,,,,149.0,,149.0,,,,,,,149.0,,,,186.0,,,,,,,,,,,
1063,Rhodobacter sphaeroides,S,1060,,,,,,304.0,,,,,,,,,,380.0,,,,,,,,,,,,,,,,,,,,,,,216.0,,,,,,248.0,254.0,,
1333996,Variibacter gotjawalensis,S,1649510,,,,,,,,,,,,,,,,,,,,,,,,,,,,,,,,,1395.0,,,,,,,,,,,,,,,
2079792,Mycetocola sp. 449,S,2685235,,,,,,,,,,,,,,,,828.0,,,,,,,,,566.0,,,,,,,,,,,,,,,,,,,,,,,
1030157,Sphingomonas sp. KC8,S,196159,,,,,,1362.0,,,,,,,,,,,,,,,,,,,,,,,,,,,,,,,,,,,,,,,,,,
588932,Brevundimonas naejangsanensis,S,41275,1342.0,,,,,,,,,,,,,,,,,,,,,,,,,,,,,,,,,,,,,,,,,,,,,,,
1219032,Comamonas terrigena NBRC 13299,S1,32013,,,,,,,,,,,,1342.0,,,,,,,,,,,,,,,,,,,,,,,,,,,,,,,,,,,,
54005,Peptoniphilus harei,S,162289,,,,,,,493.0,,,,,,,,,,,,,,,,,,155.0,,,,,197.0,,,,,,,,384.0,,,,111.0,,,,,,
441620,Methylorubrum populi BJ001,S1,223967,,,,,,,,,,,,,,,,,,,,,,,,,,,,,,,,,,,,,1340.0,,,,,,,,,,,
2081702,Actinomyces sp. oral taxon 897,S,2609248,,,,,,,,,,,,,,,,,,,,,,,,,,1323.0,,,,,,,,,,,,,,,,,,,,,,
47770,Lactobacillus crispatus,S,1578,,,,,,,,,,,,,,,,,,,,,,,,,,,,,,569.0,,,,,,,,,,,,,,,,746.0,,
120107,Sphingobium cloacae,S,165695,,,817.0,,,,,,,,,,,,,,492.0,,,,,,,,,,,,,,,,,,,,,,,,,,,,,,,
1398,Bacillus coagulans,S,1386,,,,,,,,,,,,,,,435.0,,,,,,,,,,,,,,,,,,,,,,,,,357.0,,,,,,438.0,,
28450,Burkholderia pseudomallei,S,111527,,,,,,,,,,,,,,,,,,,,,,,,,,,,,,,,,,,,,,,,,,,,,1215.0,,,
11855,Mason-Pfizer monkey virus,S,140052,,,205.0,,,,,,,,,,162.0,,,158.0,,396.0,,,,,,,,,,166.0,,,,,,,,,,,,,,123.0,,,,,,
11807,Harvey murine sarcoma virus,S,153135,,112.0,,,152.0,,,,,,111.0,,,,,,,111.0,,,,,,,111.0,,,,,114.0,112.0,,,,,114.0,,,,152.0,,,,,,,111.0,
1204342,Bacillus subtilis BEST7003,S1,1423,,,116.0,,,,,,,,,,,,,,,172.0,,,,,,,,904.0,,,,,,,,,,,,,,,,,,,,,,
85698,Achromobacter xylosoxidans,S,222,,,,,,,585.0,,,,,,,,180.0,,,,,,,,,,,,231.0,,,,,,,,,,,184.0,,,,,,,,,,
1707785,Massilia sp. WG5,S,2609279,,,,,,,,,,,,1161.0,,,,,,,,,,,,,,,,,,,,,,,,,,,,,,,,,,,,
1141883,Massilia putida,S,149698,,,,,,,,,,,,,,,,,,,317.0,,,,,,826.0,,,,,,,,,,,,,,,,,,,,,,,
33934,Anoxybacillus flavithermus,S,150247,,,,,,,,,,,,,,,,,,,,1132.0,,,,,,,,,,,,,,,,,,,,,,,,,,,,
945844,Massilia oculi,S,149698,,,,,,,,,,,,1115.0,,,,,,,,,,,,,,,,,,,,,,,,,,,,,,,,,,,,
1296669,Aquabacterium olei,S,92793,516.0,,,,,,,,,,,,,148.0,,,,,,,,,,,,,230.0,,,,,,,,,,,,,,,,,,,,213.0,
2014534,Microbacterium sp. PM5,S,2609290,,,,,,,,,,,,,,,590.0,,482.0,,,,,,,,,,,,,,,,,,,,,,,,,,,,,,,
29388,Staphylococcus capitis,S,1279,,,,,,558.0,,,,492.0,,,,,,,,,,,,,,,,,,,,,,,,,,,,,,,,,,,,,,
29466,Veillonella parvula,S,29465,,,549.0,,,,,,,,,,,,,,,,501.0,,,,,,,,,,,,,,,,,,,,,,,,,,,,,
585531,Aeromicrobium marinum DSM 15272,S1,219314,,,,,,,,,,,,1029.0,,,,,,,,,,,,,,,,,,,,,,,,,,,,,,,,,,,,
2067572,Pseudomonas sp. NC02,S,2583993,,,,,,,,,,,,,,,,,,,,,,,,,,,,,,,,,,,952.0,,,,,,,,,,,,,
1313,Streptococcus pneumoniae,S,1301,,,,,,,,,,,,,,,,,,,,,,,,951.0,,,,,,,,,,,,,,,,,,,,,,,,
1196031,Bacillus oceanisediminis 2691,S1,665099,,,,,,,,,,,,,,,,,,,,,,,,,,950.0,,,,,,,,,,,,,,,,,,,,,,
1892855,Sphingosinicella sp. BN140058,S,2644549,,,,,,,,,,,,,,,,,,,,,,,,,,,,,,,,,,,,,,,,,,,,,937.0,,,
488,Neisseria mucosa,S,482,,,,,,,,,926.0,,,,,,,,,,,,,,,,,,,,,,,,,,,,,,,,,,,,,,,
76859,Fusobacterium nucleatum subsp. animalis,S1,851,,,,,,,,,,,,914.0,,,,,,,,,,,,,,,,,,,,,,,,,,,,,,,,,,,,
886377,Muricauda ruestringensis DSM 13258,S1,111501,,,,,,,,,,913.0,,,,,,,,,,,,,,,,,,,,,,,,,,,,,,,,,,,,,,
108981,Acinetobacter schindleri,S,469,,,,,,,,,,,,,,,,,,,,,,,,,,,,,,,908.0,,,,,,,,,,,,,,,,,
959,Bdellovibrio bacteriovorus,S,958,,,,,,,,,422.0,,,,,,,,,,,,,,,,,,,,,,,,,,,,,,,230.0,,,,,,,,256.0
2202825,Methylobacterium durans,S,407,,,,,,,,,906.0,,,,,,,,,,,,,,,,,,,,,,,,,,,,,,,,,,,,,,,
869212,Turneriella parva DSM 21527,S1,29510,,,278.0,,,167.0,,,,,,,,,,,,,,,,,,,,,,,,,,207.0,,,,,,,,,,,,120.0,,,125.0,
853,Faecalibacterium prausnitzii,S,216851,,,,,,212.0,,205.0,,,,,,,126.0,,,,,,,,115.0,,,,,,,,,,,,,,,,,,,229.0,,,,,,
2315862,Paraflavitalea soli,S,2698688,,,,,,,,,875.0,,,,,,,,,,,,,,,,,,,,,,,,,,,,,,,,,,,,,,,
566552,Bifidobacterium catenulatum DSM 16992 = JCM 1194 = LMG 11043,S1,1686,,,,,,,,,,,871.0,,,,,,,,,,,,,,,,,,,,,,,,,,,,,,,,,,,,,
1583,Weissella confusa,S,46255,,,,,,869.0,,,,,,,,,,,,,,,,,,,,,,,,,,,,,,,,,,,,,,,,,,
68895,Cupriavidus basilensis,S,106589,,,,,,,,,,,,,,,852.0,,,,,,,,,,,,,,,,,,,,,,,,,,,,,,,,,
655813,Streptococcus oralis ATCC 35037,S1,1303,,,,,,,,,,,,,,,,,,,,,,,,,,,,,828.0,,,,,,,,,,,,,,,,,,,
1798223,Leifsonia sp. 21MFCrub1.1,S,2663824,,,,,,474.0,,,,,,,,,,,348.0,,,,,,,,,,,,,,,,,,,,,,,,,,,,,,,
1870984,Anaerococcus mediterraneensis,S,165779,,,,,,,819.0,,,,,,,,,,,,,,,,,,,,,,,,,,,,,,,,,,,,,,,,,
478801,Kytococcus sedentarius DSM 20547,S1,1276,,,,,,516.0,,,,,,,,,,,,,,,,,,,,,,,,,,,,,,,,,,293.0,,,,,,,,
2496028,Hymenobacter sp. 17J36-26,S,2615202,,,,,,,,,,,,,,,,,,,,,,,,,,,289.0,,,,,,,,,,,,,,,,,,,,,519.0
1630693,Gemmata sp. SH-PL17,S,2622970,,,,,,,,,,,386.0,,,,,,,,,,,,,,,,,,,,,,,,,,,,,,,,259.0,,,,,144.0
640081,Azospira oryzae PS,S1,146939,212.0,,,,,,,,,,,562.0,,,,,,,,,,,,,,,,,,,,,,,,,,,,,,,,,,,,
712357,Leptotrichia sp. oral taxon 212,S,2633022,,,,,,,,106.0,286.0,,,,,,,,,,,,,,,,,,,,,,,,145.0,,,,,,,,,,225.0,,,,,
592316,Pantoea sp. At-9b,S,2630326,,,,,,,,,,,,760.0,,,,,,,,,,,,,,,,,,,,,,,,,,,,,,,,,,,,
156976,Corynebacterium riegelii,S,1716,,,,,,,,,,,,,,,,755.0,,,,,,,,,,,,,,,,,,,,,,,,,,,,,,,,
1112204,Gordonia polyisoprenivorans VH2,S1,84595,,,,,,,,,201.0,,,,302.0,,,,,,,,,,245.0,,,,,,,,,,,,,,,,,,,,,,,,,
1630135,Dermabacter vaginalis,S,36739,,,,,,,,,,,622.0,,,,,,,,,,,,,,,,,,,,,,,,,,,,,,,,115.0,,,,,
544580,Actinomyces oris,S,1654,,,,,,,,,,,718.0,,,,,,,,,,,,,,,,,,,,,,,,,,,,,,,,,,,,,
257708,Roseomonas gilardii,S,125216,,,,,,,,,,,,,,,,,,,,,,,,,,,,,,,,,,,,,,,,,,,,,,,700.0,
1681,Bifidobacterium bifidum,S,1678,,,,,,,,,,,464.0,,,,,,,,,,,,,,,,,,,,,,,,,,232.0,,,,,,,,,,,
1184267,Bdellovibrio exovorus JSS,S1,453816,,,,,,,,,,,,,262.0,,,,,,,,,,,,,,,,,,,,,,,,,,,,431.0,,,,,,,
762948,Rothia dentocariosa ATCC 17931,S1,2047,,,,,,,,,,,,,,,,,,,,,,,,,,,,,,,,,,,309.0,,,,,,377.0,,,,,,,
439375,Ochrobactrum anthropi ATCC 49188,S1,529,,670.0,,,,,,,,,,,,,,,,,,,,,,,,,,,,,,,,,,,,,,,,,,,,,,
1705,Corynebacterium stationis,S,1716,,,,,,,,,,,,,,,,,,,,,,,,,,,,,,,,,,,,661.0,,,,,,,,,,,,
1913578,Sphingopyxis sp. LPB0140,S,2614943,,,,,,,,,,,,,,,,,,,,,,,,,,,,,,,,650.0,,,,,,,,,,,,,,,,
2479767,Blautia sp. SC05B48,S,2648079,,,,,,,,,,,142.0,,,,,,,,,,,,,,,,,,,,,,,,,,,,,,,,,,300.0,,,202.0
2202149,Thermomonas sp. SY21,S,2633315,,,,,,,,,,,,,,,,,,,250.0,,,,,,,,,,,,,,,,,,,,,390.0,,,,,,,,
1227739,Hymenobacter swuensis DY53,S1,1446467,,,,,,,,,,,,,,,,,,,,,,,,,,,,638.0,,,,,,,,,,,,,,,,,,,,
1938604,Aquaspirillum sp. LM1,S,2620219,,,,,,,,,136.0,,,,150.0,,,,,,,,,,,,,,,,,,,,126.0,,,,,220.0,,,,,,,,,,
1379270,Gemmatimonas phototrophica,S,173479,,,,,,,,,,,,,,,,,,,,,,,,,,,,,,,,400.0,,,,,,,,,,,,,,,230.0,
729,Haemophilus parainfluenzae,S,724,,,,,,,,,,,316.0,,,,,,,,,,,,,,,,,,,,,,,,,,,,,,308.0,,,,,,,
521674,Planctopirus limnophila DSM 3776,S1,120,108.0,,,,,,,,,,,157.0,,,,,,,,,,,,,,,,152.0,,,,,,194.0,,,,,,,,,,,,,,
2083786,Devosia sp. I507,S,196773,,,,,,,,,,,,,,,,,,,,,,249.0,,,,360.0,,,,,,,,,,,,,,,,,,,,,,
1539298,Treponema sp. OMZ 838,S,2638727,,,,,,,125.0,,,,,182.0,,,,,,,,,,,,,,,,,,,,,,,,,,,,296.0,,,,,,,,
2005046,Stenotrophomonas sp. WZN-1,S,196198,,,,,,,,,,,,,,,,,,,,,,,,,,,,,,,584.0,,,,,,,,,,,,,,,,,
1359,Lactococcus lactis subsp. cremoris,S1,1358,,,,,,,,,,,,,,,,,,,,,,,,,,,,192.0,,,,,,,,,,,,,391.0,,,,,,,
765869,Bdellovibrio bacteriovorus W,S1,959,,,,,,,,,574.0,,,,,,,,,,,,,,,,,,,,,,,,,,,,,,,,,,,,,,,
1838286,Lacunisphaera limnophila,S,1961799,,,,,,,,,,,,,,,,,,,,,,,,,,,,,,,,,,,,,,,,,573.0,,,,,,,
1173020,Chamaesiphon minutus PCC 6605,S1,1173032,,,,,,154.0,,,,,,,,,118.0,,,,,,,,,,,,,,,,,,,,,,,,149.0,,144.0,,,,,,,
1680,Bifidobacterium adolescentis,S,1678,,,,,,,,,,,562.0,,,,,,,,,,,,,,,,,,,,,,,,,,,,,,,,,,,,,
521095,Atopobium parvulum DSM 20469,S1,1382,,,,,,,,,,,,,,,,,,,,,,,,,,,,,,,,,,,,,,,,526.0,,,,,,,,
2051553,Methylobacterium currus,S,407,,,,,,,,,,,,,,,,,,,,,,,,,,,,,,,,,,,,,,,520.0,,,,,,,,,
684552,Agrococcus carbonis,S,46352,,,,,,,,,,,,,,,518.0,,,,,,,,,,,,,,,,,,,,,,,,,,,,,,,,,
1392005,Comamonas testosteroni TK102,S1,285,,,,,,,,,,,,,,,,,,,,,,,510.0,,,,,,,,,,,,,,,,,,,,,,,,,
1414655,Pepper chlorotic spot virus,S,2613861,,,,,,,,,,,,,,,,116.0,,,,,,,,,,,,,,,,,,390.0,,,,,,,,,,,,,,
191610,Corynebacterium atypicum,S,1716,,,,,,,,,,498.0,,,,,,,,,,,,,,,,,,,,,,,,,,,,,,,,,,,,,,
1364,Lactococcus piscium,S,1357,,,,,,495.0,,,,,,,,,,,,,,,,,,,,,,,,,,,,,,,,,,,,,,,,,,
706439,Actinomyces sp. oral taxon 171 str. F0337,S1,706438,,,,,,,,,,,,,,487.0,,,,,,,,,,,,,,,,,,,,,,,,,,,,,,,,,,
2575923,Brevibacterium sp. CS2,S,2614124,,,,,,,,,,,,,,,,,,,,,,,,,,,,,,,,,,,108.0,,,,,186.0,,,192.0,,,,,
1660,Schaalia odontolytica,S,2529408,,,,,,,,,,,,,,,,,,,,,,,,,,485.0,,,,,,,,,,,,,,,,,,,,,,
821,Bacteroides vulgatus,S,816,,,,,,,,,188.0,,296.0,,,,,,,,,,,,,,,,,,,,,,,,,,,,,,,,,,,,,
702967,Corynebacterium sp. NML98-0116,S,2624378,,,,,,,,,,,,,,,,,,,,,,475.0,,,,,,,,,,,,,,,,,,,,,,,,,,
114,Gemmata obscuriglobus,S,113,,,324.0,,,,,,,,,,,,,,,,,,,,,,,,,,,,,,,,,,,,,140.0,,,,,,,,
1825976,Neorhizobium sp. NCHU2750,S,2629175,462.0,,,,,,,,,,,,,,,,,,,,,,,,,,,,,,,,,,,,,,,,,,,,,,,
997877,Bacteroides dorei CL03T12C01,S1,357276,,,,,,,,,,,,,,,,,,,,,,,,,,,,,,,,,,,,,,,,,,,452.0,,,,,
279058,Collimonas arenae,S,202907,,,,,,,,,,,,,,,,,,,,,,,,,,,,,,,,,,,,,,,,,,,,,,,,451.0
2718,Cardiobacterium hominis,S,2717,,,,,,,,,133.0,,,,,,,,,,,,,,,,,,,,,,,,,,,,302.0,,,,,,,,,,,
2018065,Roseomonas sp. FDAARGOS_362,S,2617492,,,239.0,,,,,,,,,,,,,,,,,,,,,,,,,196.0,,,,,,,,,,,,,,,,,,,,
1686,Bifidobacterium catenulatum,S,1678,,,,,,,,,,,433.0,,,,,,,,,,,,,,,,,,,,,,,,,,,,,,,,,,,,,
1612173,Niveispirillum cyanobacteriorum,S,1543704,,149.0,,,,,,,168.0,,,,,,,,,,,,,,,,,,,,,,,,,,109.0,,,,,,,,,,,,,
2576891,Nibricoccus aquaticus,S,2576890,,,,,,,,,422.0,,,,,,,,,,,,,,,,,,,,,,,,,,,,,,,,,,,,,,,
1683,Bifidobacterium angulatum,S,1678,,,,,,,,,,,420.0,,,,,,,,,,,,,,,,,,,,,,,,,,,,,,,,,,,,,
44008,Enterococcus cecorum,S,1350,,,,,,,,,,,,,,,,,,,263.0,,,,,,,,,157.0,,,,,,,,,,,,,,,,,,,,
426355,Methylobacterium radiotolerans JCM 2831,S1,31998,,,,,,,,,,,,,,418.0,,,,,,,,,,,,,,,,,,,,,,,,,,,,,,,,,,
617123,Lachnoanaerobaculum umeaense,S,1164882,,,,,,,,,150.0,,,,,,,,,158.0,,,,101.0,,,,,,,,,,,,,,,,,,,,,,,,,,
1192162,Vogesella sp. LIG4,S,2684990,,,,,,,,,,,,,,,,,,,,,,,,,,,,,,,407.0,,,,,,,,,,,,,,,,,
471854,Dyadobacter fermentans DSM 18053,S1,94254,,,,,,,,,,,,191.0,,105.0,,,,,,,,,,,,,107.0,,,,,,,,,,,,,,,,,,,,,
615,Serratia marcescens,S,613,,,,,,,,,,,,,,,,,,,,,,,,,,,,,,,,,,,,,,,,,,,,,,,,399.0
1517,Thermoanaerobacterium thermosaccharolyticum,S,28895,,,,,,234.0,,,,,,,,,,,,,,,,,,,,,,,,,,,,,,,,,,,,,,,,,,165.0
2107708,Pandoravirus neocaledonia,S,2060084,144.0,,,,,,,,,,,,,,,144.0,,,,,,,,,,,,,,,,,,,,,,,,,,110.0,,,,,,
1540872,Candidatus Gracilibacteria bacterium HOT-871,S,1046947,,,,,,,,,,,146.0,,,,,,,,,,,,,,,,,,,,252.0,,,,,,,,,,,,,,,,,
155615,Fusobacterium nucleatum subsp. vincentii,S1,851,,,,,,,,,,,,,,387.0,,,,,,,,,,,,,,,,,,,,,,,,,,,,,,,,,,
583345,Methylotenera mobilis JLW8,S1,359408,,,,,,,,,,,,,,,,,,,,,,,,,,,,,,,,,,,149.0,,,,,,,,,234.0,,,,
339,Xanthomonas campestris,S,338,,,,,,,,,,,,,,,,,,,,,,,,,,,,,,,,,,,,,,,,,,,,,,,382.0,
139021,Dietzia psychralcaliphila,S,37914,,,,,,,,,,,,,152.0,,,,,,,,,,,,224.0,,,,,,,,,,,,,,,,,,,,,,,
234267,Candidatus Solibacter usitatus Ellin6076,S1,332163,,,,,,,,,,,226.0,,,,,,,,,,,,,,,,,,,,,,,,,,,,,,146.0,,,,,,,
1351,Enterococcus faecalis,S,1350,,,,,,,,,,,,367.0,,,,,,,,,,,,,,,,,,,,,,,,,,,,,,,,,,,,
1682113,Mycobacterium sp. YC-RL4,S,2642494,,,,,,,358.0,,,,,,,,,,,,,,,,,,,,,,,,,,,,,,,,,,,,,,,,,
1842540,Methyloversatilis sp. RAC08,S,2639971,,,,,,,,,,,,160.0,,,,,,,,,,,,,,,,,,,,,,,,,,,,,,,187.0,,,,,
926550,Caldilinea aerophila DSM 14535 = NBRC 104270,S1,133453,,,,,,,,,,,,,,,,,,,,,,,,,,,218.0,,,,120.0,,,,,,,,,,,,,,,,,
1484116,Hymenobacter sp. PAMC 26554,S,2615202,,,,,,,,,,,,,,,,,,,,,,,,,,,,,,,,,335.0,,,,,,,,,,,,,,,
330214,Nitrospira defluvii,S,1234,,,,,,,,,,,,,,,,,,,,,,,,,,,,,,,,,,,,,,,,334.0,,,,,,,,
1882918,Pajaroellobacter abortibovis,S,1882917,,,,,,,,,,,,,,,,,,,,,,,,,,,,,,,,,,,,,117.0,,,,,,,,,,210.0,
693746,Oscillibacter valericigenes Sjm18-20,S1,351091,,,,,,,,,,,,,,,,,,,,,,,,,,,,,,,,,,,,,,,,,,,,,,,323.0,
1732201,Tadarida brasiliensis circovirus 1,S1,2003309,,,,107.0,,,,,,,,,106.0,,,,,,,,,,,,,,,107.0,,,,,,,,,,,,,,,,,,,,
357809,Lachnoclostridium phytofermentans ISDg,S1,66219,,,,,,,,,,,,,,,,,,,,,,,,,,,,,,,,,,,,,,,315.0,,,,,,,,,
10376,Human gammaherpesvirus 4,S,10375,,,,,314.0,,,,,,,,,,,,,,,,,,,,,,,,,,,,,,,,,,,,,,,,,,,
33033,Parvimonas micra,S,543311,,,,,,,,,,,,,,,,,,,,,,,,,,,,,,,,,,,,,,,,,312.0,,,,,,,
546414,Deinococcus deserti VCD115,S1,310783,,,,,,,,,,,,,,,,,,,,,311.0,,,,,,,,,,,,,,,,,,,,,,,,,,,
28131,Prevotella intermedia,S,838,,,,,,,,,,,,,,,,,,,,,,170.0,,,,,,,,,,,,,,,,,,,,,,,,140.0,,
78245,Xanthobacter autotrophicus Py2,S1,280,,,,,,,,,,,,309.0,,,,,,,,,,,,,,,,,,,,,,,,,,,,,,,,,,,,
76857,Fusobacterium nucleatum subsp. polymorphum,S1,851,,,,,,,,,,,,,,,,,,,,,,,,,,,,,,,,,,,,,,,306.0,,,,,,,,,
1305,Streptococcus sanguinis,S,1301,,,,,,,,,,,,,,,,,,,,,,,,,304.0,,,,,,,,,,,,,,,,,,,,,,,
1855912,Luteitalea pratensis,S,2004797,,,,,,,,,,,,,,,,,,,,,,,,,,,,,,,,,124.0,,,,,,,,,,,,177.0,,,
649349,Leadbetterella byssophila DSM 17132,S1,316068,,,,,,,,,,,,,,,,,,,,,,,,,,,,,,,,,,,,,184.0,,,,,,,,,,110.0,
9,Buchnera aphidicola,S,32199,,,,,,,,,,,,,,,,,,,,,,,,,,294.0,,,,,,,,,,,,,,,,,,,,,,
1768,Mycobacterium kansasii,S,1763,,,,,,,,,293.0,,,,,,,,,,,,,,,,,,,,,,,,,,,,,,,,,,,,,,,
160453,Enterococcus gilvus,S,1350,,,,,,,,,,,,292.0,,,,,,,,,,,,,,,,,,,,,,,,,,,,,,,,,,,,
1703,Brevibacterium linens,S,1696,,,,,,,,,,,,,,,,,,,,,,,,,,,,,,,,,,,,,,,,,,,,291.0,,,,
2056494,Candidatus Saccharibacteria bacterium YM_S32_TM7_50_20,S,1895827,,,,,,,,,,,,,,,157.0,,,,,,,,,128.0,,,,,,,,,,,,,,,,,,,,,,,,
525282,Finegoldia magna ATCC 53516,S1,1260,,,,,,,,,,,,,280.0,,,,,,,,,,,,,,,,,,,,,,,,,,,,,,,,,,,
1254439,Bifidobacterium thermophilum RBL67,S1,33905,,,,,,,,,,,,,,,,,,,,,,,,,,,,,,,,,,,,,,,,,,,,279.0,,,,
511,Alcaligenes faecalis,S,507,,,,,,,,,,,,,,,,,,,,,,,,,,,,,,,,,,,,,,,,279.0,,,,,,,,
1632864,Planctomyces sp. SH-PL14,S,2648843,,,,,150.0,,,,,,,,,,,,,,,,,,,,,,,,,,,,,,,,,,,,123.0,,,,,,,
187101,Sneathia amnii,S,168808,,,,,,,,,,,,,265.0,,,,,,,,,,,,,,,,,,,,,,,,,,,,,,,,,,,
1678028,Massilia sp. NR 4-1,S,2609279,,,,,,,,,,,265.0,,,,,,,,,,,,,,,,,,,,,,,,,,,,,,,,,,,,,
661478,Fimbriimonas ginsengisoli Gsoil 348,S1,1005039,,,,,,,,,,,,,,,,,,,,,,,,,,,,,,,,,,,,,,,107.0,,,,,158.0,,,,
644,Aeromonas hydrophila,S,642,,,,,,,,,,,,,,,,,,,,,,,,,,,,,,,,265.0,,,,,,,,,,,,,,,,
1177574,Prevotella jejuni,S,838,,,263.0,,,,,,,,,,,,,,,,,,,,,,,,,,,,,,,,,,,,,,,,,,,,,
857417,Janibacter indicus,S,53457,,,,,,,263.0,,,,,,,,,,,,,,,,,,,,,,,,,,,,,,,,,,,,,,,,,
1032069,Campylobacter ureolyticus RIGS 9880,S1,827,257.0,,,,,,,,,,,,,,,,,,,,,,,,,,,,,,,,,,,,,,,,,,,,,,,
75385,Micropruina glycogenica,S,116071,,,,,,,252.0,,,,,,,,,,,,,,,,,,,,,,,,,,,,,,,,,,,,,,,,,
2321403,Chryseolinea soli,S,1433993,,,,,,,,,,,,,,,,,,,,,,,,,,,,,,,,,238.0,,,,,,,,,,,,,,,
159087,Dechloromonas aromatica RCB,S1,259537,,,,,,,,,,,,,,,,,,,,,,,,,,,,,,,,,224.0,,,,,,,,,,,,,,,
232348,Synechococcus sp. CB0101,S,2626047,,222.0,,,,,,,,,,,,,,,,,,,,,,,,,,,,,,,,,,,,,,,,,,,,,,
51669,Tetragenococcus halophilus,S,51668,,,220.0,,,,,,,,,,,,,,,,,,,,,,,,,,,,,,,,,,,,,,,,,,,,,
1758194,Achromobacter sp. AONIH1,S,2626865,,,,,,,,,,,,,,,,,,,,,,,,,,,,,220.0,,,,,,,,,,,,,,,,,,,
1414854,Candidatus Nucleicultrix amoebiphila FS5,S1,1509244,,,,,,,,,,,,,,219.0,,,,,,,,,,,,,,,,,,,,,,,,,,,,,,,,,,
1316254,Veillonella parvula HSIVP1,S1,29466,,,,,,,,,,,,,,,,,,215.0,,,,,,,,,,,,,,,,,,,,,,,,,,,,,,
384642,Enterobacteria phage ID18,S1,1986034,,,215.0,,,,,,,,,,,,,,,,,,,,,,,,,,,,,,,,,,,,,,,,,,,,,
1653478,Rhodococcus sp. PBTS 1,S,192944,215.0,,,,,,,,,,,,,,,,,,,,,,,,,,,,,,,,,,,,,,,,,,,,,,,
1940610,Phreatobacter stygius,S,1632780,,,,,,,,,,,,,,,,,,,,,,212.0,,,,,,,,,,,,,,,,,,,,,,,,,,
1636152,Planctomyces sp. SH-PL62,S,2648843,,,,,,,,,,,,210.0,,,,,,,,,,,,,,,,,,,,,,,,,,,,,,,,,,,,
886293,Singulisphaera acidiphila DSM 18658,S1,466153,,,,,,,,,,,210.0,,,,,,,,,,,,,,,,,,,,,,,,,,,,,,,,,,,,,
31770,Shallot virus X,S,140568,208.0,,,,,,,,,,,,,,,,,,,,,,,,,,,,,,,,,,,,,,,,,,,,,,,
1182568,Deinococcus puniceus,S,1298,,,,,,,,,206.0,,,,,,,,,,,,,,,,,,,,,,,,,,,,,,,,,,,,,,,
1366,Lactococcus raffinolactis,S,1357,,,,,,,,,,,,,,,,,,,,,,,,,,,,,,,205.0,,,,,,,,,,,,,,,,,
226186,Bacteroides thetaiotaomicron VPI-5482,S1,818,,,,,,,,,,,202.0,,,,,,,,,,,,,,,,,,,,,,,,,,,,,,,,,,,,,
1852374,Ezakiella massiliensis,S,1582879,,,,,202.0,,,,,,,,,,,,,,,,,,,,,,,,,,,,,,,,,,,,,,,,,,,
745776,Deinococcus gobiensis I-0,S1,502394,,,202.0,,,,,,,,,,,,,,,,,,,,,,,,,,,,,,,,,,,,,,,,,,,,,
823,Parabacteroides distasonis,S,375288,,,,,,,,,,,,,,,,,,,,,,,,,,,,,,,,,,,,,,,,,,,,,,,,202.0
2005460,Chondrocystis sp. NIES-4102,S,2648896,,,,,,,,,,,,,,,,,,,,,,,,,,,,,,,,,,,,,201.0,,,,,,,,,,,
1581680,Candidatus Methylopumilus turicensis,S,1679002,,,,,,,,,,,,,,,,,,,,,,,,,,,,,,,,,,200.0,,,,,,,,,,,,,,
84112,Eggerthella lenta,S,84111,,,,,,,,,,,200.0,,,,,,,,,,,,,,,,,,,,,,,,,,,,,,,,,,,,,
39488,Anaerobutyricum hallii,S,2569097,,,,,,,,,,,,,,,,,,,,,,,,,,,,,,,,,,,,,,,,,,,196.0,,,,,
1702287,Negativicoccus massiliensis,S,909928,,,,,,,,,,,,,,,,,,,195.0,,,,,,,,,,,,,,,,,,,,,,,,,,,,,
743525,Thermus scotoductus SA-01,S1,37636,,,,,,,,,,,,,,,,,,,,,,,,,,,,,,,,,,,,,,,,,,,,,,,,195.0
732,Aggregatibacter aphrophilus,S,416916,,,,,,,,,,,,,,,,,,,,,,,,,,,,192.0,,,,,,,,,,,,,,,,,,,,
319795,Deinococcus geothermalis DSM 11300,S1,68909,,,,,,,,,,,,,,,,,,,,,,,,,,,,,,,192.0,,,,,,,,,,,,,,,,,
1505,Paeniclostridium sordellii,S,1849828,,192.0,,,,,,,,,,,,,,,,,,,,,,,,,,,,,,,,,,,,,,,,,,,,,,
546269,Filifactor alocis ATCC 35896,S1,143361,,,,,,,,,,,,,,,,,,,,,,,,,,,,,,,,,,,,,190.0,,,,,,,,,,,
525904,Thermobaculum terrenum ATCC BAA-798,S1,166501,,,,,,,,,,,,,,,,,,,,,,187.0,,,,,,,,,,,,,,,,,,,,,,,,,,
673862,Candidatus Babela massiliensis,S,1551504,,,,,,,,,,,,,,,,,,,,,,,,,,,,,,,,,178.0,,,,,,,,,,,,,,,
2364787,Alistipes megaguti,S,239759,,,,,,,,,,,171.0,,,,,,,,,,,,,,,,,,,,,,,,,,,,,,,,,,,,,
1911586,Marinilactibacillus sp. 15R,S,2632303,,,,,,,,,,,,,,,,,,,,,,,,,,,,,,,,,,,,,,,,,,,,,,,,168.0
239935,Akkermansia muciniphila,S,239934,,,,,,,,,,,,168.0,,,,,,,,,,,,,,,,,,,,,,,,,,,,,,,,,,,,
1650658,Actinobacteria bacterium IMCC26256,S,78537,,,,,,,167.0,,,,,,,,,,,,,,,,,,,,,,,,,,,,,,,,,,,,,,,,,
273384,Brevibacterium aurantiacum,S,1696,,,,,,,,,,,,,,,,,,,,,,,,,,,,,,,,,,,,,,,,166.0,,,,,,,,
981222,Chloracidobacterium thermophilum B,S1,458033,166.0,,,,,,,,,,,,,,,,,,,,,,,,,,,,,,,,,,,,,,,,,,,,,,,
1388,Alicyclobacillus acidocaldarius subsp. acidocaldarius,S1,405212,161.0,,,,,,,,,,,,,,,,,,,,,,,,,,,,,,,,,,,,,,,,,,,,,,,
469383,Conexibacter woesei DSM 14684,S1,191495,,,,,,,,,160.0,,,,,,,,,,,,,,,,,,,,,,,,,,,,,,,,,,,,,,,
465721,Steroidobacter denitrificans,S,469322,,,,,,,,,,,,,,,,,,,,,,,,,160.0,,,,,,,,,,,,,,,,,,,,,,,
1904944,Stenotrophomonas sp. LM091,S,196198,,,,,,,,,,,,,,,,,,,,,,,,,,,,,,,,,,,,,,,,,,,,,,,160.0,
2066483,Candidatus Dependentiae bacterium (ex Spumella elongata CCAP 955/1),S,1104668,,,,,,,,,,,,,,,,,,,,,,,,,,,,,,,160.0,,,,,,,,,,,,,,,,,
1300347,Nocardioides dokdonensis FR1436,S1,450734,,,,,,,,,,,159.0,,,,,,,,,,,,,,,,,,,,,,,,,,,,,,,,,,,,,
37733,Prunus necrotic ringspot virus,S,12316,,,159.0,,,,,,,,,,,,,,,,,,,,,,,,,,,,,,,,,,,,,,,,,,,,,
1275,Kocuria rosea,S,57493,,,,,,,,,,,,,,,,,,,,,,,,,,,,,,,,,,,,,,,,,,,,,,158.0,,
880071,Bernardetia litoralis DSM 6794,S1,999,,,,,,,,,,,,,,,,,,,,,,,,,,158.0,,,,,,,,,,,,,,,,,,,,,,
530564,Pirellula staleyi DSM 6068,S1,125,,,,,,,,,,,,,,,,,,,,,,,,,,,,,,,,,,,,,,,,,,,,,,,,156.0
1945512,Cellvibrio sp. PSBB023,S,2624793,,,,,,,,,,,156.0,,,,,,,,,,,,,,,,,,,,,,,,,,,,,,,,,,,,,
45056,Legionella adelaidensis,S,445,,,,,,,,,,,,,,,,,,,,,,,,,,,,,,,,,,,,,,,,,,,,,,,,152.0
1930593,Vampirococcus sp. LiM,S,2635552,,,,,,,,,,,,,,,,,,,,,,,,,,,,,,,,,,,,,,,,,152.0,,,,,,,
709032,Sulfuricurvum kujiense DSM 16994,S1,148813,,,,,,,,,152.0,,,,,,,,,,,,,,,,,,,,,,,,,,,,,,,,,,,,,,,
392593,Inhella inkyongensis,S,644355,150.0,,,,,,,,,,,,,,,,,,,,,,,,,,,,,,,,,,,,,,,,,,,,,,,
1461582,Jeotgalicoccus saudimassiliensis,S,227979,,,,,,,,,,,,,,,,,,,,,,,,,,,,,,,,,,149.0,,,,,,,,,,,,,,
371601,Bacteroides xylanisolvens,S,816,,,,,,,,,,,149.0,,,,,,,,,,,,,,,,,,,,,,,,,,,,,,,,,,,,,
1945892,Cytophagales bacterium TFI 002,S,1751870,,,,,,,,,,,148.0,,,,,,,,,,,,,,,,,,,,,,,,,,,,,,,,,,,,,
1750719,Kurthia sp. 11kri321,S,2644826,,,,,,,,,,,,,,,,,,,,,,,,,,,,148.0,,,,,,,,,,,,,,,,,,,,
1930071,Methylomusa anaerophila,S,2093783,,,,,,,,,,,,,,,,,,,,,,,,,,,,,,,,,,,,,148.0,,,,,,,,,,,
879243,Porphyromonas asaccharolytica DSM 20707,S1,28123,,,,,,,,,,,,,,,,,,,,,,,,,,,,,148.0,,,,,,,,,,,,,,,,,,,
242600,Ichthyobacterium seriolicida,S,1755829,,148.0,,,,,,,,,,,,,,,,,,,,,,,,,,,,,,,,,,,,,,,,,,,,,,
477641,Modestobacter marinus,S,88138,,,,,,,,,,,,,,,,,,,,,,,,,,,,,,,,,,,,,,,,148.0,,,,,,,,
930806,Halioglobus pacificus,S,1217416,,,,,,,,,,,,,,,,,,,,,,,,,,,,,,,,,,,,,,,,,,,,,,,,147.0
1784714,Arcticibacterium luteifluviistationis,S,2173039,,,,,,,,,,,,,,,,,,,,,,,,,,,,,,,,,,,,,,,,,145.0,,,,,,,
34085,Riemerella anatipestifer,S,34084,,,,,,,,,,,,,141.0,,,,,,,,,,,,,,,,,,,,,,,,,,,,,,,,,,,
1173027,Microcoleus sp. PCC 7113,S,2642155,,,,,,,,,,,,,,,,,,,,,,,138.0,,,,,,,,,,,,,,,,,,,,,,,,,
269798,Cytophaga hutchinsonii ATCC 33406,S1,985,,,,,,,,,,,,,,,,,,,,,,,,,,,,136.0,,,,,,,,,,,,,,,,,,,,
1214459,Citrus yellow vein clearing virus,S,249199,,,,,,,,,,,,,,,,,,,,,,,,,,,,,,,,,,135.0,,,,,,,,,,,,,,
326298,Sulfurimonas denitrificans DSM 1251,S1,39766,,,,,,,,,,,,,,,,,,,,,,,,,,,,,,,,,,,,,130.0,,,,,,,,,,,
694427,Paludibacter propionicigenes WB4,S1,185300,,,,,,,,,,,,,,,,,,,,,,,,,,,,,,,,,,,,,,,,,,,,122.0,,,,
553,Pantoea ananatis,S,53335,,,,,,,,,,,,,122.0,,,,,,,,,,,,,,,,,,,,,,,,,,,,,,,,,,,
927083,Sandaracinus amylolyticus,S,1055688,,,,,,,,,,,,,,,,,,,,,,,,,,,,,,,,,,,,,,,,,,,,,,,,118.0
676208,Candidatus Rickettsiella viridis,S,59195,,,,,,,,,,,,,,,,,,,,,,,,,,,,,,,,,,,,,,,,,,,117.0,,,,,
888050,Schaalia cardiffensis F0333,S1,181487,,,,,,,,,,,,,,,,,,,,,,,,,116.0,,,,,,,,,,,,,,,,,,,,,,,
110319,Nocardioides sp. CF8,S,2615069,,,,,,,,,,,,,,,,,,,,,,,,,115.0,,,,,,,,,,,,,,,,,,,,,,,
504728,Meiothermus ruber DSM 1279,S1,277,,,,,,,,,,,,,,,,,,,,,,,,,,,,,,,,,,,,,,,,,114.0,,,,,,,
546871,Friedmanniella luteola,S,53387,,,,,,,,,,,,,,,,,,,,,,,,,,,,,,,,,,,114.0,,,,,,,,,,,,,
760192,Haliscomenobacter hydrossis DSM 1100,S1,2350,,,,,,,,,,,,,,,,,,,,,,,,,,,,,,,,,110.0,,,,,,,,,,,,,,,
588,Providencia stuartii,S,586,,,,,,,110.0,,,,,,,,,,,,,,,,,,,,,,,,,,,,,,,,,,,,,,,,,
266940,Kineococcus radiotolerans SRS30216 = ATCC BAA-149,S1,131568,,,,,,,,,,,,,,,,,,,,,,,,109.0,,,,,,,,,,,,,,,,,,,,,,,,
1806508,Candidatus Promineofilum breve,S,1988031,,,,,,,,,,,,,,,,,,,,,,,,,,,,,,,,,,,,,,,,,109.0,,,,,,,
69666,Caulobacter mirabilis,S,75,,,,,,,,,,,,,,,,,,,,,,,,,,108.0,,,,,,,,,,,,,,,,,,,,,,
1385930,Burkholderia dolosa PC543,S1,152500,,,,,,,,107.0,,,,,,,,,,,,,,,,,,,,,,,,,,,,,,,,,,,,,,,,
395495,Leptothrix cholodnii SP-6,S1,34029,,,,,,,,,,,,,,,,,,,,,,,,,,,,,,,,,,,,,,,,,106.0,,,,,,,
864051,Burkholderiales bacterium JOSHI_001,S,80841,,,,,,,,,,,,,,,,,,,,,,,,,,,,,,,,,,,105.0,,,,,,,,,,,,,
414996,Actinopolyspora erythraea,S,1849,,,,,,,105.0,,,,,,,,,,,,,,,,,,,,,,,,,,,,,,,,,,,,,,,,,
983917,Rubrivivax gelatinosus IL144,S1,28068,,,,,,,,,,,,,,,,,,,,,,,,,,,,,,,102.0,,,,,,,,,,,,,,,,,
2231055,Dechloromonas sp. HYN0024,S,2633351,,,,,,,,,,,,,,,,,,,,,,,,,,,,,,,,,,,,,102.0,,,,,,,,,,,
28135,Prevotella oris,S,838,,,,,,,,,,,,,,,,,102.0,,,,,,,,,,,,,,,,,,,,,,,,,,,,,,,
