FLOWCELL,LANE,GIVENSAMPLENAME,SAMPLEID,ORIGINALSAMPLENAME,REGION,CASE.CONTROL,DISEASE.CODE,MUTATED.GENE,GENE,Number_of_input_reads,Number_of_Uniquely_mapped_reads,Ratio_of_uniquely_mapped_reads,RIN,LINKERS,BARCODE,POOL,AGE,GENDER,PMD,PMD(MIN),PH,Pipeline_Passed,MADE,SENT,LIBRARIES.DONE,NOTE,OBSERVATIONS,SOURCE,ALREADY.IN.GOOGLE
BC9AP9ANXX,1,12042_tem,12042,NA,temporal,control,control,control,NA,2288585,1801835,0.787313995328992,6.2,9,AGC,74,83,F,06:03:00 AM,363,6.6,Yes,300316,20516,NA,NA,Eldem´s first librarie,NA,Yes
BC9AP9ANXX,3,10316_tem,10316,NA,temporal,case,FTD-GRN,GRN,Gly125X,4922622,3081180,0.625922526653479,5,3,GAT,73,69,F,05:25:00 AM,325,6.44,Yes,120416,20516,NA,NA,Eldem´s second librarie,NA,Yes
BC9AP9ANXX,3,95231_tem,95231,NA,temporal,case,FTD-C9,C9orf72,C9orf72,5030934,3525294,0.700723563457601,6.3,8,ATG,77,63,M,04:45:00 AM,285,6.45,Yes,120416,20516,NA,NA,Eldem´s second librarie,NA,Yes
BC9AP9ANXX,1,03244_tem,3244,NA,temporal,case,FTD-sporadic-TDP,NA,NA,5562944,4198674,0.754757552835333,5.6,6,ACG,74,80,M,05:25:00 AM,325,6.48,Yes,300316,20516,NA,NA,Eldem´s first librarie,NA,Yes
BC9AP9ANXX,4,04165_tem,4165,NA,temporal,case,FTD-MAPT,MAPT,P301L,5618766,3482735,0.619839836718596,6.2,4,ACA,80,46,M,05:35:00 AM,335,6.48,Yes,190416,20516,NA,NA,Noemia's first libraries,NA,Yes
AC9BNCANXX,3,07286_tem,7286,NA,temporal,case,FTD-sporadic-tauopathy,NA,NA,5739620,4301258,0.749397695317809,7.5,8,ATG,82,49,M,04:55:00 AM,295,6.37,No,NA,NA,170516,NA,Noemia´s second librarie,Brain,No
C31BEACXX,4,11040_cer,11040,11040_cer,cerebellum,control,control,control,NA,6021141,4964577,0.824524288668875,9.4,9,AGC,NA,82,M,05:50:00 AM,350,6.57,Yes,NA,NA,NA,NA,NA,NA,NA
BC9AP9ANXX,3,10316_fro,10316,NA,frontal,case,FTD-GRN,GRN,Gly125X,6183287,4194364,0.678338883509693,5.8,2,CTT,73,69,F,05:25:00 AM,325,6.44,Yes,120416,20516,NA,NA,Eldem´s second librarie,NA,Yes
BC9AP9ANXX,2,p56_13_tem,p56/13,NA,temporal,case,FTD-C9,C9orf72,C9orf72,6211751,4368931,0.703333246937941,6.1,2,CTT,54,62,F,01:12:00 AM,72,NA,Yes,191015,20516,NA,NA,NA,NA,Yes
BC9AP9ANXX,1,40.09_tem,40.09,NA,temporal,case,FTD-GRN,GRN,NA,6265249,4536681,0.724102266326526,6.4,4,ACA,55,61,M,08:24:00 AM,504,NA,Yes,261015,20516,NA,NA,NA,NA,Yes
C81FGANXX,1,p54_10_tem,p54_10,p54/10,temporal,case,FTD-C9,C9orf72_homozygote,C9orf72_homozygote,6341410,5057452,0.797527994562723,6.5,9,AGC,NA,41,M,07:55:12 AM,475.2,NA,Yes,NA,NA,NA,NA,NA,NA,NA
C4DKEACXX,2,09218_hip,9218,09218_Hippo,hippocampus,case,FTD-C9,C9orf72,C9orf72,6504402,3112396,0.478506094795494,6.4,1,AGA,NA,60,M,05:05:00 AM,305,6.28,Yes,NA,NA,NA,NA,NA,NA,NA
AC9BNCANXX,5,03244_fro,3244,NA,frontal,case,FTD-sporadic-TDP,NA,NA,6524164,4984862,0.764061418443804,6.9,5,ACT,88,80,M,05:25:00 AM,325,6.48,No,NA,NA,300516,NA,Noemia's first all alone libraries with new linker preparation,Brain,No
C81FGANXX,5,11021_tem,11021,11021t,temporal,control,control,control,NA,6682290,5102420,0.763573565349603,6.8,3,GAT,NA,85,F,07:05:00 AM,425,NA,Yes,NA,NA,NA,NA,NA,NA,NA
BC9AP9ANXX,3,13014_fro,13014,NA,frontal,case,FTD-GRN,GRN,Ser82ValfsX174),6700164,4694608,0.700670610450729,5.7,6,ACG,77,67,F,04:15:00 AM,255,6.2,Yes,120416,20516,NA,NA,Eldem´s second librarie,NA,Yes
AC9BNCANXX,3,00247_tem,247,NA,temporal,case,FTD-sporadic-TDP,NA,NA,6907816,5233894,0.75767710083766,7.9,9,AGC,82,70,F,06:55:00 AM,415,6.6,No,NA,NA,170516,NA,Noemia´s second librarie,Brain,No
AC9BNCANXX,3,07286_fro,7286,NA,frontal,case,FTD-sporadic-tauopathy,NA,NA,7074234,5522922,0.780709543959106,7,6,ACG,82,49,M,04:55:00 AM,295,6.37,No,NA,NA,170516,NA,Noemia´s second librarie,Brain,No
C3BGMACXX,3,11054_occ,11054,S11054occlinker2,occipital,case,FTD-C9,C9orf72,C9orf72,7240049,4752054,0.656356607531247,6.7,2,CTT,NA,64,M,04:35:00 AM,275,6.25,Yes,NA,NA,NA,NA,NA,NA,NA
AC9BNCANXX,5,00247_fro,247,NA,frontal,case,FTD-sporadic-TDP,NA,NA,7279924,5258722,0.722359464192209,7.1,4,ACA,88,70,F,06:55:00 AM,415,6.6,No,NA,NA,300516,NA,Noemia's first all alone libraries with new linker preparation,Brain,No
C81FGANXX,5,11017_tem,11017,11017t,temporal,control,control,control,NA,7403670,5826627,0.78699172167317,6,6,ACG,NA,83,M,05:45:00 AM,345,6.35,Yes,NA,NA,NA,NA,NA,NA,NA
BC9AP9ANXX,4,01110_tem,1110,NA,temporal,case,FTD-sporadic-TDP,NA,NA,7539239,5227858,0.693419853117801,6.6,3,GAT,80,73,M,05:35:00 AM,335,6.8,Yes,190416,20516,NA,NA,Noemia's first libraries,NA,Yes
C31BEACXX,7,00136_occ,136,00136_gos,occipital,case,FTD-MAPT,MAPT,P301L,7931170,6079958,0.766590301304852,6.2,10,AGT,NA,66,M,05:00:00 AM,300,6.3,Yes,NA,NA,NA,NA,NA,NA,NA
C31BEACXX,3,05217_occ,5217,05217_occ,occipital,control,control,control,NA,8171523,5540361,0.678008371266898,7.7,10,AGT,NA,91,M,08:00:00 AM,480,6.26,Yes,NA,NA,NA,NA,NA,NA,NA
BC9AP9ANXX,2,p15_12_tem,p15/12,NA,temporal,case,FTD-C9,C9orf72,C9orf72,8244648,5779519,0.701002517026803,6,3,GAT,54,67,F,02:24:00 AM,144,NA,Yes,191015,20516,NA,NA,NA,NA,Yes
AC9BNCANXX,5,13069_fro,13069,NA,frontal,case,FTD-sporadic-TDP,NA,NA,8359663,6086971,0.72813593083836,5.7,10,AGT,87,75,F,05:15:00 AM,315,6.11,No,NA,NA,300516,NA,Noemia's first all alone libraries with new linker preparation,Brain,No
BC9AP9ANXX,1,11092_tem,11092,NA,temporal,case,FTD-MAPT,MAPT,P301L,8405692,6058847,0.720802879762903,5.5,1,AGA,55,64,F,07:30:00 AM,450,5.91,Yes,261015,20516,NA,NA,NA,NA,Yes
BC9AP9ANXX,2,p65_08_tem,p65/08,NA,temporal,case,FTD-C9,C9orf72,C9orf72,8506340,5887078,0.692081200610368,6.1,1,AGA,54,60,M,04:48:00 AM,288,NA,Yes,191015,20516,NA,NA,NA,NA,Yes
D10RJACXX,1,10200_put,10200,10_200_Putamen,putamen,case,FTD-GRN,GRN,Ser82ValfsX174),9089444,5278907,0.580773367435896,3.9,1,AGA,NA,52,F,03:50:00 AM,230,6.48,Yes,NA,NA,NA,NA,NA,NA,NA
BC894KANXX,6,98169_tem,98169,NA,temporal,case,FTD-C9,C9orf72,C9orf72,9196626,7399392,0.80457680892971,7.5,2,CTT,NA,68,M,04:20:00 AM,260,6.25,Yes,NA,NA,NA,NA,NA,NA,NA
BC9AP9ANXX,1,01119_fro,1119,NA,frontal,case,FTD-sporadic-TDP,NA,NA,9474642,7622319,0.804496782042002,7.2,8,ATG,74,75,M,06:25:00 AM,385,6.2,Yes,300316,20516,NA,NA,Eldem´s first librarie,NA,Yes
C0VAKACXX,7,00136_tem,136,00_136_Temporal,temporal,case,FTD-MAPT,MAPT,P301L,9340704,7148938,0.765353232475839,5.8,2,CTT,NA,66,M,05:00:00 AM,300,6.3,Yes,NA,NA,NA,NA,NA,NA,NA
D10FYACXX,7,05217_hip,5217,05217_hippo,hippocampus,control,control,control,NA,9384046,6317050,0.673169121293736,6.5,6,ACG,NA,91,M,08:00:00 AM,480,6.26,Yes,NA,NA,NA,NA,NA,NA,NA
BC81HGANXX,8,11054_tem,11054,NA,temporal,case,FTD-C9,C9orf72,C9orf72,9415023,6204863,0.659038538726884,5,6,ACG,NA,64,M,04:35:00 AM,275,6.25,Yes,NA,NA,NA,NA,NA,NA,NA
BC9AP9ANXX,3,00116_fro,116,NA,frontal,case,FTD-C9,C9orf72,C9orf72,10249720,7745199,0.755649812872937,7.6,9,AGC,77,58,M,05:30:00 AM,330,6.66,Yes,120416,20516,NA,NA,Eldem´s second librarie,NA,Yes
BC9AP9ANXX,4,00116_tem,116,NA,temporal,case,FTD-C9,C9orf72,C9orf72,9821540,6851369,0.697586020114972,7.2,2,CTT,80,58,M,05:30:00 AM,330,6.66,Yes,190416,20516,NA,NA,Noemia's first libraries,NA,Yes
C81FGANXX,1,p54_10_hip,p54_10,p54_10_hip,hippocampus,case,FTD-C9,C9orf72_homozygote,C9orf72_homozygote,10089129,8073150,0.800183048506962,7.7,8,ATG,NA,41,M,07:55:12 AM,475.2,NA,Yes,NA,NA,NA,NA,NA,NA,NA
C4DKEACXX,1,08244_occ,8244,08244_gos,occipital,case,FTD-GRN,GRN,NA,10211976,7275503,0.712448109944638,5.6,5,ACT,NA,63,M,06:05:00 AM,365,6.27,Yes,NA,NA,NA,NA,NA,NA,NA
D0N32ACXX,4,09126_fro,9126,09_126_frontal,frontal,case,FTD-GRN,GRN,Ser82ValfsX174),10568856,7884745,0.746035805578201,6.8,9,AGC,NA,76,F,03:35:00 AM,215,6.1,Yes,NA,NA,NA,NA,NA,NA,NA
C0TBFACXX,2,10196_hip,10196,10196_hippo,hippocampus,control,control,control,NA,10253990,7945563,0.774875243685629,7.7,8,ATG,NA,60,F,07:30:00 AM,450,6.8,Yes,NA,NA,NA,NA,NA,NA,NA
D0N32ACXX,1,07106_cau,7106,07_106_caudate,caudate,case,FTD-GRN,GRN,Gly300X,10319735,8188025,0.793433649216767,6.8,2,CTT,NA,66,F,05:15:00 AM,315,6.45,Yes,NA,NA,NA,NA,NA,NA,NA
C81FGANXX,5,11072_tem,11072,11072t,temporal,control,control,control,NA,10454941,8191098,0.783466688142956,7.2,9,AGC,NA,76,F,07:15:00 AM,435,6.87,Yes,NA,NA,NA,NA,NA,NA,NA
BC894KANXX,5,11038_fro,11038,NA,frontal,case,FTD-C9,C9orf72,C9orf72,10618518,7895996,0.743606216988096,5.3,2,CTT,NA,67,F,06:45:00 AM,405,6.29,Yes,NA,NA,NA,NA,NA,NA,NA
D2D9FACXX,1,04263_fro,4263,04263_front,frontal,case,FTD-MAPT,MAPT,G272V,11479519,9043902,0.787829350689693,6.9,3,GAT,NA,54,F,07:30:00 AM,450,6.46,Yes,NA,NA,NA,NA,NA,NA,NA
BC9AP9ANXX,1,10353_fro,10353,NA,frontal,case,FTD-C9,C9orf72,C9orf72,11573469,9118632,0.787890994480566,7.2,2,CTT,55,70,F,04:40:00 AM,280,6.64,Yes,261015,20516,NA,NA,NA,NA,Yes
C31BEACXX,2,12005_cer,12005,12005_cer,cerebellum,control,control,control,NA,10993472,8948624,0.813994341369133,9.7,9,AGC,NA,84,F,05:36:00 AM,336,6.68,Yes,NA,NA,NA,NA,NA,NA,NA
D2D9FACXX,2,05052_tem,5052,05052_temp,temporal,case,FTD-MAPT,MAPT,G272V,11361422,9003634,0.792474216695762,6.6,9,AGC,NA,49,M,05:10:00 AM,310,6.54,Yes,NA,NA,NA,NA,NA,NA,NA
D10MJACXX,3,02218_tem,2218,02_218_temporal,temporal,case,FTD-C9,C9orf72,C9orf72,11381892,8576740,0.753542556896516,5.1,3,GAT,NA,64,F,09:05:00 AM,545,6.23,Yes,NA,NA,NA,NA,NA,NA,NA
BC894KANXX,6,A144_12_fro,A144_12,NA,frontal,case,FTD-C9,C9orf72,C9orf72,11713582,8223462,0.702045027729349,5.8,6,ACG,NA,59,F,12:00:00 PM,720,NA,Yes,NA,NA,NA,NA,NA,NA,NA
BC9AP9ANXX,3,13014_tem,13014,NA,temporal,case,FTD-GRN,GRN,Ser82ValfsX174),11484702,7558407,0.658128264886629,5.5,5,ACT,77,67,F,04:15:00 AM,255,6.2,Yes,120416,20516,NA,NA,Eldem´s second librarie,NA,Yes
BC894KANXX,5,10058_fro,10058,NA,frontal,case,FTD-C9,C9orf72,C9orf72,11715774,9043398,0.771899321376462,5.6,10,AGT,NA,74,F,05:10:00 AM,310,6.15,Yes,NA,NA,NA,NA,NA,NA,NA
BC9AP9ANXX,1,98061_fro,98061,NA,frontal,case,FTD-GRN,GRN,NA,12844186,10333552,0.804531482181899,7.2,3,GAT,55,59,M,04:45:00 AM,285,6.52,Yes,261015,20516,NA,NA,NA,NA,Yes
D10MJACXX,6,97303_fro,97303,97_303_frontal,frontal,case,FTD-C9,C9orf72,C9orf72,14561629,10996167,0.755146762769467,6.4,9,AGC,NA,68,F,06:50:00 AM,410,6.77,Yes,NA,NA,NA,NA,NA,NA,NA
C4DKEACXX,1,04245_occ,4245,04245_gos,occipital,case,FTD-MAPT,MAPT,P301L,11849750,8908698,0.751804721618599,6.1,6,ACG,NA,66,F,06:40:00 AM,400,6.52,Yes,NA,NA,NA,NA,NA,NA,NA
BC9AP9ANXX,3,11076_tem,11076,NA,temporal,control,control,control,NA,11952811,8311658,0.695372661711124,8.2,4,ACA,73,75,F,05:25:00 AM,325,6.75,Yes,120416,20516,NA,NA,Eldem´s second librarie,NA,Yes
C31BEACXX,5,02218_occ,2218,02218_gos,occipital,case,FTD-C9,C9orf72,C9orf72,12038251,8982602,0.746171682248526,7.6,10,AGT,NA,64,F,09:05:00 AM,545,6.23,Yes,NA,NA,NA,NA,NA,NA,NA
AC9BNCANXX,5,09329_tem,9329,NA,temporal,NA,FTD-sporadic-TDP+MND,NA,NA,12053782,9060893,0.75170539835547,6.6,3,GAT,88,74,M,04:30:00 AM,270,6.44,No,NA,NA,300516,NA,Noemia's first all alone libraries with new linker preparation,Brain,No
AC9BNCANXX,5,09058_tem,9058,NA,temporal,NA,FTD-sporadic-TDP+MND,NA,NA,12127198,9612021,0.792600318721604,7.3,9,AGC,87,59,M,08:00:00 AM,480,6.24,No,NA,NA,300516,NA,Noemia's first all alone libraries with new linker preparation,Brain,No
BC894KANXX,5,98169_fro,98169,NA,frontal,case,FTD-C9,C9orf72,C9orf72,14921445,11993155,0.803752920712438,6.4,9,AGC,NA,68,M,04:20:00 AM,260,6.25,Yes,NA,NA,NA,NA,NA,NA,NA
C0VAKACXX,7,04245_put,4245,04_245_Putamen,putamen,case,FTD-MAPT,MAPT,P301L,12385153,9402652,0.759187391548574,4.3,5,ACT,NA,66,F,06:40:00 AM,400,6.52,Yes,NA,NA,NA,NA,NA,NA,NA
AC9BNCANXX,5,01110_fro,1110,NA,frontal,case,FTD-sporadic-TDP,NA,NA,17323753,13947732,0.805121846288157,8.4,6,ACG,88,73,M,05:35:00 AM,335,6.8,No,NA,NA,300516,NA,Noemia's first all alone libraries with new linker preparation,Brain,No
C31BEACXX,4,97303_occ,97303,97303_gos,occipital,case,FTD-C9,C9orf72,C9orf72,12736077,9776249,0.767602849762922,7.4,8,ATG,NA,68,F,06:50:00 AM,410,6.77,Yes,NA,NA,NA,NA,NA,NA,NA
D2BYVACXX,4,07146_fro,7146,07146_front,frontal,case,FTD-MAPT,MAPT,G272V,18208934,14075269,0.772986985399585,6.1,3,GAT,NA,51,M,04:25:00 AM,265,6.1,Yes,NA,NA,NA,NA,NA,NA,NA
BC9AP9ANXX,2,10353_tem,10353,NA,temporal,case,FTD-C9,C9orf72,C9orf72,12965317,9330289,0.719634467865306,6.9,4,ACA,54,70,F,04:40:00 AM,280,6.64,Yes,191015,20516,NA,NA,NA,NA,Yes
BC894KANXX,6,10058_tem,10058,NA,temporal,case,FTD-C9,C9orf72,C9orf72,13336475,10228698,0.766971632309137,6.9,9,AGC,NA,74,F,05:10:00 AM,310,6.15,Yes,NA,NA,NA,NA,NA,NA,NA
C4DKEACXX,5,07146_hip,7146,07146_Hippo,hippocampus,case,FTD-MAPT,MAPT,G272V,13619538,9923384,0.728613848722328,6,10,AGT,NA,51,M,04:25:00 AM,265,6.1,Yes,NA,NA,NA,NA,NA,NA,NA
D10FYACXX,7,05217_put,5217,05217_putamen,putamen,control,control,control,NA,13870997,10588814,0.76337800375849,7.8,2,CTT,NA,91,M,08:00:00 AM,480,6.26,Yes,NA,NA,NA,NA,NA,NA,NA
C81FGANXX,5,11069_tem,11069,11069t,temporal,control,control,control,NA,13982237,11047318,0.790096606143924,8.6,2,CTT,NA,49,M,06:15:00 AM,375,6.23,Yes,NA,NA,NA,NA,NA,NA,NA
C4DKEACXX,2,09126_occ,9126,09126_GOS1,occipital,case,FTD-GRN,GRN,Ser82ValfsX174),14004147,9282789,0.662860008538899,6.4,2,CTT,NA,76,F,03:35:00 AM,215,6.1,Yes,NA,NA,NA,NA,NA,NA,NA
BC894KANXX,6,A047_07_tem,A047_07,NA,temporal,case,FTD-GRN,GRN,NA,14254425,10764047,0.75513722931651,5.7,5,ACT,NA,74,F,12:00:00 PM,720,NA,Yes,NA,NA,NA,NA,NA,NA,NA
C303GACXX,7,07146_put,7146,07146_Putamen,putamen,case,FTD-MAPT,MAPT,G272V,14443527,7868459,0.544774070765402,5,6,ACG,NA,51,M,04:25:00 AM,265,6.1,Yes,NA,NA,NA,NA,NA,NA,NA
D10MJACXX,3,10166_hip,10166,10_166_hippocampus,hippocampus,case,FTD-sporadic-TDP,NA,NA,14551395,11619316,0.798501861848984,5.6,2,CTT,NA,63,M,07:35:00 AM,455,6.77,Yes,NA,NA,NA,NA,NA,NA,NA
BC9AP9ANXX,1,95231_fro,95231,NA,frontal,case,FTD-C9,C9orf72,C9orf72,18885804,15349143,0.812734422108797,7.1,5,ACT,74,63,M,04:45:00 AM,285,6.45,Yes,300316,20516,NA,NA,Eldem´s first librarie,NA,Yes
AC9BNCANXX,3,01119_tem,1119,NA,temporal,case,FTD-sporadic-TDP,NA,NA,14648539,9981990,0.68143246230904,5.6,5,ACT,82,75,M,06:25:00 AM,385,6.2,No,NA,NA,170516,NA,Noemia´s second librarie,Brain,No
C0TBFACXX,3,10258_hip,10258,10258_hippo,hippocampus,control,control,control,NA,14660331,11264176,0.768343907105508,8,2,CTT,NA,89,F,06:10:00 AM,370,6.36,Yes,NA,NA,NA,NA,NA,NA,NA
BC894KANXX,5,12001_tem,12001,NA,temporal,control,control,control,NA,14685386,10810734,0.736155930800866,6.6,1,AGA,NA,89,F,05:40:00 AM,340,6.75,Yes,NA,NA,NA,NA,NA,NA,NA
BC81HGANXX,3,96303_fro,96303,NA,frontal,case,FTD-C9,C9orf72,C9orf72,20090990,13730549,0.68341823872293,5.5,8,ATG,NA,72,F,04:50:00 AM,290,6.25,Yes,NA,NA,NA,NA,NA,NA,NA
D10MJACXX,3,10166_fro,10166,10_166_frontal,frontal,case,FTD-sporadic-TDP,NA,NA,22353641,18421701,0.824102928019646,6.5,5,ACT,NA,63,M,07:35:00 AM,455,6.77,Yes,NA,NA,NA,NA,NA,NA,NA
BC81HGANXX,3,11102_fro,11102,NA,frontal,case,FTD-MAPT,MAPT,P301L,22634833,16758859,0.740401265606864,5.9,9,AGC,NA,64,M,06:25:00 AM,385,6.38,Yes,NA,NA,NA,NA,NA,NA,NA
C4DKEACXX,3,09126_cer,9126,09126_cer,cerebellum,case,FTD-GRN,GRN,Ser82ValfsX174),14937495,11407223,0.763663720054802,7.2,5,ACT,NA,76,F,03:35:00 AM,215,6.1,Yes,NA,NA,NA,NA,NA,NA,NA
D2BYVACXX,4,01302_cau,1302,01302_caud,caudate,case,FTD-MAPT,MAPT,L315R,15003357,11404430,0.760125217309699,6.4,2,CTT,NA,63,F,04:15:00 AM,255,6.36,Yes,NA,NA,NA,NA,NA,NA,NA
C4DKEACXX,4,10166_occ,10166,10166_occ,occipital,case,FTD-sporadic-TDP,NA,NA,15006538,11985881,0.798710602005606,8,3,GAT,NA,63,M,07:35:00 AM,455,6.77,Yes,NA,NA,NA,NA,NA,NA,NA
D25RNACXX,4,12062_cau,12062,2012_062_caud_8,caudate,control,control,control,NA,15172309,11691206,0.770562081223102,9.8,8,ATG,NA,88,M,05:40:00 AM,340,7.3,Yes,NA,NA,NA,it has tauopathy…at pathological level,NA,NA,NA
C31BEACXX,2,10196_cer,10196,10196_cer,cerebellum,control,control,control,NA,15456993,12604051,0.815427101506742,9.7,6,ACG,NA,60,F,07:30:00 AM,450,6.8,Yes,NA,NA,NA,NA,NA,NA,NA
BC81HGANXX,8,11054_fro,11054,NA,frontal,case,FTD-C9,C9orf72,C9orf72,22676685,15695081,0.692124135428084,5,5,ACT,NA,64,M,04:35:00 AM,275,6.25,Yes,NA,NA,NA,NA,NA,NA,NA
C31BEACXX,4,12062_occ,12062,12062_occ,occipital,control,control,control,NA,15619001,12089787,0.774043551184868,9.4,3,GAT,NA,88,M,05:40:00 AM,340,7.3,Yes,NA,NA,NA,it has tauopathy…at pathological level,NA,NA,NA
C31BEACXX,5,09218_occ,9218,09218_gos,occipital,case,FTD-C9,C9orf72,C9orf72,15740434,11768342,0.747650414213484,6.3,2,CTT,NA,60,M,05:05:00 AM,305,6.28,Yes,NA,NA,NA,NA,NA,NA,NA
D2D9FACXX,3,01302_hip,1302,01302_hippo,hippocampus,case,FTD-MAPT,MAPT,L315R,15765258,9568774,0.606953213198287,6,4,ACA,NA,63,F,04:15:00 AM,255,6.36,Yes,NA,NA,NA,NA,NA,NA,NA
D10MJACXX,7,97231_cau,97231,97_231_caudate,caudate,case,FTD-C9,C9orf72,C9orf72,15777455,13327963,0.844747330922509,9.3,2,CTT,NA,42,F,05:45:00 AM,345,6.93,Yes,NA,NA,NA,NA,NA,NA,NA
D0N32ACXX,3,07106_fro,7106,07_106_Frontal,frontal,case,FTD-GRN,GRN,Gly300X,23121080,17388649,0.752069064247864,7.5,4,ACA,NA,66,F,05:15:00 AM,315,6.45,Yes,NA,NA,NA,NA,NA,NA,NA
D0N32ACXX,3,07106_hip,7106,07_106_hippocampus,hippocampus,case,FTD-GRN,GRN,Gly300X,15834040,11653330,0.735966942107005,8,5,ACT,NA,66,F,05:15:00 AM,315,6.45,Yes,NA,NA,NA,NA,NA,NA,NA
D0N32ACXX,4,09126_tem,9126,09_126_temporal,temporal,case,FTD-GRN,GRN,Ser82ValfsX174),15883187,11837906,0.745310497194297,7.8,8,ATG,NA,76,F,03:35:00 AM,215,6.1,Yes,NA,NA,NA,NA,NA,NA,NA
C81FGANXX,1,p54_10_cer,p54_10,p54_10_cer,cerebellum,case,FTD-C9,C9orf72_homozygote,C9orf72_homozygote,15945096,13475241,0.845102531838002,7.7,6,ACG,NA,41,M,07:55:12 AM,475.2,NA,Yes,NA,NA,NA,NA,NA,NA,NA
D29V9ACXX,7,04263_tem,4263,04263_temp_REDONE,temporal,case,FTD-MAPT,MAPT,G272V,16334429,11032503,0.675414059469113,5.6,6,ACG,NA,54,F,07:30:00 AM,450,6.46,Yes,NA,NA,NA,NA,NA,NA,NA
C31BEACXX,2,10258_cer,10258,10258_cer,cerebellum,control,control,control,NA,16441720,13553667,0.824346053819187,9.2,3,GAT,NA,89,F,06:10:00 AM,370,6.36,Yes,NA,NA,NA,NA,NA,NA,NA
D10RJACXX,2,04245_fro,4245,04_245_Frontal,frontal,case,FTD-MAPT,MAPT,P301L,23336035,16533499,0.708496494798709,7,8,ATG,NA,66,F,06:40:00 AM,400,6.52,Yes,NA,NA,NA,NA,NA,NA,NA
BC9AP9ANXX,4,98061_tem,98061,NA,temporal,case,FTD-GRN,GRN,NA,16483486,11835051,0.717994421811017,7.4,10,AGT,80,59,M,04:45:00 AM,285,6.52,Yes,190416,20516,NA,NA,Noemia's first libraries,NA,Yes
C4DKEACXX,3,09070_occ,9070,09070_gos,occipital,case,FTD-MAPT,MAPT,P301L,16547015,11111881,0.671533868797484,6.5,9,AGC,NA,60,M,05:23:00 AM,323,6.3,Yes,NA,NA,NA,NA,NA,NA,NA
C0YUNACXX,3,09070_hip,9070,09_070_Hippocampus,hippocampus,case,FTD-MAPT,MAPT,P301L,16594712,12523999,0.754698183373113,7.2,5,ACT,NA,60,M,05:23:00 AM,323,6.3,Yes,NA,NA,NA,NA,NA,NA,NA
D10RJACXX,2,00136_fro,136,00_136_Frontal,frontal,case,FTD-MAPT,MAPT,P301L,24109642,17499083,0.725812643754727,7.8,5,ACT,NA,66,M,05:00:00 AM,300,6.3,Yes,NA,NA,NA,NA,NA,NA,NA
D10MJACXX,7,97231_put,97231,97_231_putamen,putamen,case,FTD-C9,C9orf72,C9orf72,16841562,14059539,0.834812056031382,8.7,3,GAT,NA,42,F,05:45:00 AM,345,6.93,Yes,NA,NA,NA,NA,NA,NA,NA
D10MJACXX,4,09218_tem,9218,09_218_temporal,temporal,case,FTD-C9,C9orf72,C9orf72,16864317,13351210,0.791684003568007,6.1,8,ATG,NA,60,M,05:05:00 AM,305,6.28,Yes,NA,NA,NA,NA,NA,NA,NA
D10MJACXX,4,10166_tem,10166,10_166_temporal,temporal,case,FTD-sporadic-TDP,NA,NA,17091476,12939244,0.757058313746572,6.5,6,ACG,NA,63,M,07:35:00 AM,455,6.77,Yes,NA,NA,NA,NA,NA,NA,NA
D2D9FACXX,1,03121_fro,3121,03121_front,frontal,case,FTD-MAPT,MAPT,R406V,26866599,20806803,0.774448712321199,6.7,4,ACA,NA,75,F,07:25:00 AM,445,6.6,Yes,NA,NA,NA,NA,NA,NA,NA
D0N32ACXX,3,07106_put,7106,07_106_putamen,putamen,case,FTD-GRN,GRN,Gly300X,17218327,13018669,0.756093725017535,7.8,2,CTT,NA,66,F,05:15:00 AM,315,6.45,Yes,NA,NA,NA,NA,NA,NA,NA
C303GACXX,7,07146_tem,7146,07146_Temporal,temporal,case,FTD-MAPT,MAPT,G272V,17258618,12143295,0.703607612150637,5.1,5,ACT,NA,51,M,04:25:00 AM,265,6.1,Yes,NA,NA,NA,NA,NA,NA,NA
D0N32ACXX,4,09126_put,9126,09_126_putamen,putamen,case,FTD-GRN,GRN,Ser82ValfsX174),17316623,12764881,0.737146093669649,7.9,6,ACG,NA,76,F,03:35:00 AM,215,6.1,Yes,NA,NA,NA,NA,NA,NA,NA
C0VAKACXX,6,92017_fro,92017,92_017_Frontal,frontal,case,FTD-MAPT,MAPT,P301L,26907722,21458126,0.797470926747348,8.4,9,AGC,NA,60,M,04:40:00 AM,280,6.45,Yes,NA,NA,NA,NA,NA,NA,NA
C31BEACXX,1,11040_occ,11040,11040_occ,occipital,control,control,control,NA,17334732,13319481,0.768369594638094,9.2,5,ACT,NA,82,M,05:50:00 AM,350,6.57,Yes,NA,NA,NA,NA,NA,NA,NA
C31BEACXX,6,04245_cer,4245,04245_cer,cerebellum,case,FTD-MAPT,MAPT,P301L,17461064,12888413,0.738123003271737,6.5,8,ATG,NA,66,F,06:40:00 AM,400,6.52,Yes,NA,NA,NA,NA,NA,NA,NA
C3BGMACXX,3,10353_cau,10353,S10353caulinker3,caudate,case,FTD-C9,C9orf72,C9orf72,17593965,13241105,0.752593573989718,7.6,3,GAT,NA,70,F,04:40:00 AM,280,6.64,Yes,NA,NA,NA,NA,NA,NA,NA
C4DKEACXX,5,03056_fro,3056,03056_Frontal,frontal,case,FTD-MAPT,MAPT,G272V,28248519,20200214,0.715089311407795,5.7,9,AGC,NA,63,F,04:10:00 AM,250,6.64,Yes,NA,NA,NA,NA,NA,NA,NA
D29V9ACXX,8,00136_hip,136,00136_hippo_REDONE,hippocampus,case,FTD-MAPT,MAPT,P301L,17789369,13946812,0.783997004053376,6.4,NA,#N/A,NA,66,M,05:00:00 AM,300,6.3,No,NA,NA,NA,NA,NA,NA,NA
D10FYACXX,7,05217_cau,5217,05217_caudate,caudate,control,control,control,NA,17935373,13213581,0.7367329912793,7.8,5,ACT,NA,91,M,08:00:00 AM,480,6.26,Yes,NA,NA,NA,NA,NA,NA,NA
D10MJACXX,6,97303_tem,97303,97_303_temporal,temporal,case,FTD-C9,C9orf72,C9orf72,17972647,13932525,0.775207180110976,6.1,8,ATG,NA,68,F,06:50:00 AM,410,6.77,Yes,NA,NA,NA,NA,NA,NA,NA
D10FYACXX,7,05217_tem,5217,05217_GTM,temporal,control,control,control,NA,18016191,12009690,0.666605388453086,7.1,4,ACA,NA,91,M,08:00:00 AM,480,6.26,Yes,NA,NA,NA,NA,NA,NA,NA
C0YUNACXX,3,09070_tem,9070,09_070_Temporal,temporal,case,FTD-MAPT,MAPT,P301L,18137320,14004548,0.772139875130394,6.7,10,AGT,NA,60,M,05:23:00 AM,323,6.3,Yes,NA,NA,NA,NA,NA,NA,NA
C3BGMACXX,3,10058_hip,10058,S10058hiplinker4,hippocampus,case,FTD-C9,C9orf72,C9orf72,18190983,12182975,0.669726039543877,6.1,4,ACA,NA,74,F,05:10:00 AM,310,6.15,Yes,NA,NA,NA,NA,NA,NA,NA
C0TBFACXX,8,08244_fro,8244,08_244_frontal,frontal,case,FTD-GRN,GRN,NA,28284511,11687062,0.413196537143598,6.4,9,AGC,NA,63,M,06:05:00 AM,365,6.27,Yes,NA,NA,NA,NA,NA,NA,NA
C4DKEACXX,5,03056_hip,3056,03056_Hippo,hippocampus,case,FTD-MAPT,MAPT,G272V,18221371,12440126,0.682721733726842,6,8,ATG,NA,63,F,04:10:00 AM,250,6.64,Yes,NA,NA,NA,NA,NA,NA,NA
C0VAKACXX,5,09126_hip,9126,09_126_Hippocampus,hippocampus,case,FTD-GRN,GRN,Ser82ValfsX174),18251474,13455362,0.737220566404664,6.4,7,ATC,NA,76,F,03:35:00 AM,215,6.1,Yes,NA,NA,NA,NA,NA,NA,NA
C0YUNACXX,4,10200_hip,10200,10_200_Hippocampus,hippocampus,case,FTD-GRN,GRN,Ser82ValfsX174),18469776,13116512,0.710160859557799,7.5,4,ACA,NA,52,F,03:50:00 AM,230,6.48,Yes,NA,NA,NA,NA,NA,NA,NA
D2D9FACXX,3,05108_fro,5108,05108_front,frontal,case,FTD-MAPT,MAPT,L315R,28916964,23003038,0.795485929989054,7.8,3,GAT,NA,68,F,05:40:00 AM,340,6.6,Yes,NA,NA,NA,NA,NA,NA,NA
C0VAKACXX,8,04245_hip,4245,04_245_Hippocampus,hippocampus,case,FTD-MAPT,MAPT,P301L,18970996,14460075,0.762220128031232,NA,8,ATG,NA,66,F,06:40:00 AM,400,6.52,Yes,NA,NA,NA,NA,NA,NA,NA
BC894KANXX,6,92017_tem,92017,NA,temporal,case,FTD-MAPT,MAPT,P301L,19110959,14772761,0.77299946067594,7.2,8,ATG,NA,60,M,04:40:00 AM,280,6.45,Yes,NA,NA,NA,NA,NA,NA,NA
C0VAKACXX,6,10166_cau,10166,10_166_Caudate,caudate,case,FTD-sporadic-TDP,NA,NA,19312134,15042161,0.778896884207618,8.4,8,ATG,NA,63,M,07:35:00 AM,455,6.77,Yes,NA,NA,NA,NA,NA,NA,NA
BC894KANXX,5,11038_tem,11038,NA,temporal,case,FTD-C9,C9orf72,C9orf72,19387372,14317361,0.738489002016364,5.5,6,ACG,NA,67,F,06:45:00 AM,405,6.29,Yes,NA,NA,NA,NA,NA,NA,NA
D25RNACXX,4,12062_hip,12062,2012_062_hip_10,hippocampus,control,control,control,NA,19469681,15451387,0.793612745889365,8.6,10,AGT,NA,88,M,05:40:00 AM,340,7.3,Yes,NA,NA,NA,it has tauopathy…at pathological level,NA,NA,NA
D10FYACXX,7,10196_tem,10196,10196_GTM,temporal,control,control,control,NA,19971436,14977636,0.749952882707082,8,8,ATG,NA,60,F,07:30:00 AM,450,6.8,Yes,NA,NA,NA,NA,NA,NA,NA
C0YUNACXX,4,10200_fro,10200,10_200_Frontal,frontal,case,FTD-GRN,GRN,Ser82ValfsX174),29524707,23754505,0.804563615144428,7.3,3,GAT,NA,52,F,03:50:00 AM,230,6.48,Yes,NA,NA,NA,NA,NA,NA,NA
C0TBFACXX,3,10258_tem,10258,10258_GTM,temporal,control,control,control,NA,20140238,16163703,0.802557695693566,8.8,9,AGC,NA,89,F,06:10:00 AM,370,6.36,Yes,NA,NA,NA,NA,NA,NA,NA
C3BGMACXX,3,01254_tem,1254,S01254templinker8,temporal,case,FTD-sporadic,NA,NA,20195060,13608564,0.673856081635806,5.8,8,ATG,NA,60,M,06:05:00 AM,365,6.47,Yes,NA,NA,NA,NA,NA,NA,NA
C31BEACXX,3,10327_occ,10327,10327_occ,occipital,control,control,control,NA,20263283,16131207,0.796080625237283,9.3,2,CTT,NA,70,M,03:35:00 AM,215,7.2,Yes,NA,NA,NA,NA,NA,NA,NA
BC81HGANXX,3,11082_tem,11082,NA,temporal,control,control,control,NA,20553995,15468420,0.75257486439984,6.1,6,ACG,NA,84,F,05:55:00 AM,355,6.1,Yes,NA,NA,NA,NA,NA,NA,NA
C31BEACXX,7,10200_cer,10200,10200_cer,cerebellum,case,FTD-GRN,GRN,Ser82ValfsX174),21005304,16803953,0.799986184441796,6.7,1,AGA,NA,52,F,03:50:00 AM,230,6.48,Yes,NA,NA,NA,NA,NA,NA,NA
D10MJACXX,7,97303_cau,97303,97_303_caudate,caudate,case,FTD-C9,C9orf72,C9orf72,21319726,17898004,0.839504410141106,9.4,4,ACA,NA,68,F,06:50:00 AM,410,6.77,Yes,NA,NA,NA,NA,NA,NA,NA
C3BGMACXX,3,01254_put,1254,S01254putlinker9,putamen,case,FTD-sporadic,NA,NA,21483735,16513973,0.768673277714513,6.9,9,AGC,NA,60,M,06:05:00 AM,365,6.47,Yes,NA,NA,NA,NA,NA,NA,NA
C0TBFACXX,4,10327_hip,10327,10327_hippo,hippocampus,control,control,control,NA,21571059,16895157,0.783232617369412,7.7,5,ACT,NA,70,M,03:35:00 AM,215,7.2,Yes,NA,NA,NA,NA,NA,NA,NA
C31BEACXX,6,07106_cer,7106,07106_cer,cerebellum,case,FTD-GRN,GRN,Gly300X,21873934,15161200,0.693117205163004,7,4,ACA,NA,66,F,05:15:00 AM,315,6.45,Yes,NA,NA,NA,NA,NA,NA,NA
C0VAKACXX,8,09070_cau,9070,09_070_Caudate,caudate,case,FTD-MAPT,MAPT,P301L,22221906,17668569,0.795096919229161,8,10,AGT,NA,60,M,05:23:00 AM,323,6.3,Yes,NA,NA,NA,NA,NA,NA,NA
C303GACXX,7,01302_tem,1302,01302_Temp,temporal,case,FTD-MAPT,MAPT,L315R,22256956,16051969,0.721211337255643,5.5,1,AGA,NA,63,F,04:15:00 AM,255,6.36,Yes,NA,NA,NA,NA,NA,NA,NA
BC894KANXX,5,11102_tem,11102,NA,temporal,case,FTD-MAPT,MAPT,P301L,22291451,15253994,0.684297940048855,5.2,4,ACA,NA,64,M,06:25:00 AM,385,6.38,Yes,NA,NA,NA,NA,NA,NA,NA
D10RJACXX,1,09070_fro,9070,09_070_Frontal,frontal,case,FTD-MAPT,MAPT,P301L,31005728,22153806,0.714506880793123,6.8,2,CTT,NA,60,M,05:23:00 AM,323,6.3,Yes,NA,NA,NA,NA,NA,NA,NA
D10FYACXX,7,10258_put,10258,10258_putamen,putamen,control,control,control,NA,22536286,17361319,0.77037179063134,8.5,9,AGC,NA,89,F,06:10:00 AM,370,6.36,Yes,NA,NA,NA,NA,NA,NA,NA
D2D9FACXX,2,05052_fro,5052,05052_front,frontal,case,FTD-MAPT,MAPT,G272V,31264259,25190479,0.805727684126465,7.5,8,ATG,NA,49,M,05:10:00 AM,310,6.54,Yes,NA,NA,NA,NA,NA,NA,NA
D10MJACXX,4,09218_fro,9218,09_218_frontal,frontal,case,FTD-C9,C9orf72,C9orf72,32022254,26148873,0.816584397837829,6.2,9,AGC,NA,60,M,05:05:00 AM,305,6.28,Yes,NA,NA,NA,NA,NA,NA,NA
C0TBFACXX,2,10196_put,10196,10196_putamen,putamen,control,control,control,NA,22958087,18078029,0.787436209297404,8.1,3,GAT,NA,60,F,07:30:00 AM,450,6.8,Yes,NA,NA,NA,NA,NA,NA,NA
D10MJACXX,8,02218_fro,2218,02_218_frontal,frontal,case,FTD-C9,C9orf72,C9orf72,34304121,27206201,0.793088416403382,6,6,ACG,NA,64,F,09:05:00 AM,545,6.23,Yes,NA,NA,NA,NA,NA,NA,NA
D0N32ACXX,1,07083_tem,7083,07_83_temporal,temporal,case,FTD-GRN,GRN,NA,23232084,18364896,0.790497141797524,6.2,3,GAT,NA,52,F,NA,#VALUE!,NA,Yes,NA,NA,NA,NA,NA,NA,NA
D0N32ACXX,1,07083_fro,7083,07_83_frontal,frontal,case,FTD-GRN,GRN,?,40572424,32711555,0.806250940293831,7,4,ACA,NA,52,F,NA,#VALUE!,NA,Yes,NA,NA,NA,NA,NA,NA,NA
C0TBFACXX,8,96328_tem,96328,96_328_Temporal,temporal,case,FTD-MAPT,MAPT,P301L,23620829,8014306,0.339289785299237,4.7,6,ACG,NA,76,F,06:20:00 AM,380,NA,Yes,NA,NA,NA,NA,NA,NA,NA
C0VAKACXX,7,04245_cau,4245,04_245_Caudate,caudate,case,FTD-MAPT,MAPT,P301L,24099192,16946266,0.703188140083701,6.1,4,ACA,NA,66,F,06:40:00 AM,400,6.52,Yes,NA,NA,NA,NA,NA,NA,NA
C0YUNACXX,3,05150_fro,5150,05_150_Frontal,frontal,case,FTD-MAPT,MAPT,P301L,46699032,37816255,0.809786699647222,8.4,6,ACG,NA,52,M,11:30:00 AM,690,Na,Yes,NA,NA,NA,NA,NA,NA,NA
D10MJACXX,5,02218_put,2218,02_218_putamen,putamen,case,FTD-C9,C9orf72,C9orf72,24156498,19137177,0.792216529068079,8.6,5,ACT,NA,64,F,09:05:00 AM,545,6.23,Yes,NA,NA,NA,NA,NA,NA,NA
C31BEACXX,7,05150_cer,5150,05150_cer,cerebellum,case,FTD-MAPT,MAPT,P301L,24180013,19112466,0.790424140797609,8,3,GAT,NA,52,M,11:30:00 AM,690,Na,Yes,NA,NA,NA,NA,NA,NA,NA
C31BEACXX,1,12005_occ,12005,12005_occ,occipital,control,control,control,NA,24194816,19537369,0.807502276520722,9.4,2,CTT,NA,84,F,05:36:00 AM,336,6.68,Yes,NA,NA,NA,NA,NA,NA,NA
D2D9FACXX,3,05052_put,5052,05052_puta,putamen,case,FTD-MAPT,MAPT,G272V,24224741,17697169,0.730541102585988,6.3,1,AGA,NA,49,M,05:10:00 AM,310,6.54,Yes,NA,NA,NA,NA,NA,NA,NA
D0N32ACXX,2,08244_cau,8244,08_244_caudate,caudate,case,FTD-GRN,GRN,NA,24235439,18877671,0.778928370144234,6.7,8,ATG,NA,63,M,06:05:00 AM,365,6.27,Yes,NA,NA,NA,NA,NA,NA,NA
D29V9ACXX,8,03121_hip,3121,03121_hippo_REDONE,hippocampus,case,FTD-MAPT,MAPT,R406V,24294383,18562486,0.764064928094696,6.5,3,GAT,NA,75,F,07:25:00 AM,445,6.6,Yes,NA,NA,NA,NA,NA,NA,NA
C0TBFACXX,6,11040_tem,11040,11040_GTM,temporal,control,control,control,NA,24401260,18535013,0.759592455471562,6.9,6,ACG,NA,82,M,05:50:00 AM,350,6.57,Yes,NA,NA,NA,NA,NA,NA,NA
D29V9ACXX,8,05052_cau,5052,05052_cau_REDONE,caudate,case,FTD-MAPT,MAPT,G272V,24443369,20568014,0.841455774774746,7.4,9,AGC,NA,49,M,05:10:00 AM,310,6.54,Yes,NA,NA,NA,NA,NA,NA,NA
D2D9FACXX,3,05052_hip,5052,05052_hippo,hippocampus,case,FTD-MAPT,MAPT,G272V,24496355,18555152,0.75746583522324,7.7,2,CTT,NA,49,M,05:10:00 AM,310,6.54,Yes,NA,NA,NA,NA,NA,NA,NA
C4DKEACXX,4,09070_cer,9070,09070_cer,cerebellum,case,FTD-MAPT,MAPT,P301L,24690678,20051532,0.812109412305324,7.8,2,CTT,NA,60,M,05:23:00 AM,323,6.3,Yes,NA,NA,NA,NA,NA,NA,NA
C3BGMACXX,3,96309_cau,96309,S96309caulinker6,caudate,case,NA,NA,NA,25047359,18153287,0.724758526437857,6.4,6,ACG,NA,58,M,06:50:00 AM,410,6.9,Yes,NA,NA,NA,NA,NA,NA,NA
C0VAKACXX,5,08244_tem,8244,08_244_Temporal,temporal,case,FTD-GRN,GRN,NA,25063522,18911864,0.754557320395753,5.3,9,AGC,NA,63,M,06:05:00 AM,365,6.27,Yes,NA,NA,NA,NA,NA,NA,NA
D10MJACXX,5,09218_cau,9218,09_218_caudate,caudate,case,FTD-C9,C9orf72,C9orf72,25282056,20603635,0.814950928041612,7.6,2,CTT,NA,60,M,05:05:00 AM,305,6.28,Yes,NA,NA,NA,NA,NA,NA,NA
C0TBFACXX,6,11040_hip,11040,11040_hippo,hippocampus,control,control,control,NA,25407593,19132365,0.753017611703714,6.9,10,AGT,NA,82,M,05:50:00 AM,350,6.57,Yes,NA,NA,NA,NA,NA,NA,NA
C4DKEACXX,3,09218_cer,9218,09218_cer,cerebellum,case,FTD-C9,C9orf72,C9orf72,25526986,18412081,0.721279080891101,7.6,6,ACG,NA,60,M,05:05:00 AM,305,6.28,Yes,NA,NA,NA,NA,NA,NA,NA
D25RNACXX,4,12062_tem,12062,2012_062_temp_5,temporal,control,control,control,NA,26044726,21002599,0.806405066423045,8.4,5,ACT,NA,88,M,05:40:00 AM,340,7.3,Yes,NA,NA,NA,it has tauopathy…at pathological level,NA,NA,NA
C0TBFACXX,7,94198_cau,94198,94_198_Caudate,caudate,case,FTD-MAPT,MAPT,P301L,26128723,15307023,0.585831270820239,8.3,2,CTT,NA,64,F,05:10:00 AM,310,6.4,Yes,NA,NA,NA,NA,NA,NA,NA
C0TBFACXX,2,10196_cau,10196,10196_caudate,caudate,control,control,control,NA,26233963,20651337,0.787198525819374,8.3,6,ACG,NA,60,F,07:30:00 AM,450,6.8,Yes,NA,NA,NA,NA,NA,NA,NA
C0TBFACXX,8,08244_put,8244,08_244_putamen,putamen,case,FTD-GRN,GRN,NA,26609132,10127171,0.380590054572242,5.9,8,ATG,NA,63,M,06:05:00 AM,365,6.27,Yes,NA,NA,NA,NA,NA,NA,NA
C0VAKACXX,5,97231_fro,97231,97_231_Frontal,frontal,case,FTD-C9,C9orf72,C9orf72,49961708,39991768,0.800448375383804,6.9,7,ATC,NA,42,F,05:45:00 AM,345,6.93,Yes,NA,NA,NA,NA,NA,NA,NA
BC894KANXX,5,11070_fro,11070,NA,frontal,control,control,control,NA,12341375,9289936,0.752747242507419,6.4,8,ATG,NA,87,F,07:00:00 AM,420,6.92,Yes,NA,NA,NA,NA,NA,NA,NA
D0N32ACXX,1,07083_hip,7083,07_83_Hippocampus,hippocampus,case,FTD-GRN,GRN,NA,27058195,21138632,0.781228459621937,6.5,5,ACT,NA,52,F,NA,#VALUE!,NA,Yes,NA,NA,NA,NA,NA,NA,NA
C4DKEACXX,3,08244_cer,8244,08244_cer,cerebellum,case,FTD-GRN,GRN,NA,27243216,17289523,0.63463590348511,6.4,8,ATG,NA,63,M,06:05:00 AM,365,6.27,Yes,NA,NA,NA,NA,NA,NA,NA
C0VAKACXX,6,97303_hip,97303,97_303_Hippocampus,hippocampus,case,FTD-C9,C9orf72,C9orf72,27282830,20597601,0.754965705537145,6.2,10,AGT,NA,68,F,06:50:00 AM,410,6.77,Yes,NA,NA,NA,NA,NA,NA,NA
C4DKEACXX,5,01302_put,1302,01302_Put,putamen,case,FTD-MAPT,MAPT,L315R,27642408,20613725,0.745728266509922,6.1,6,ACG,NA,63,F,04:15:00 AM,255,6.36,Yes,NA,NA,NA,NA,NA,NA,NA
C31BEACXX,5,00136_cer,136,00136_cer,cerebellum,case,FTD-MAPT,MAPT,P301L,27676147,21438128,0.774606667611644,6.7,3,GAT,NA,66,M,05:00:00 AM,300,6.3,Yes,NA,NA,NA,NA,NA,NA,NA
D0N32ACXX,2,08244_hip,8244,08_244_hippocampus,hippocampus,case,FTD-GRN,GRN,NA,27742606,22068652,0.795478694395184,6.4,7,ATC,NA,63,M,06:05:00 AM,365,6.27,Yes,NA,NA,NA,NA,NA,NA,NA
D10MJACXX,5,09218_put,9218,09_218_putamen,putamen,case,FTD-C9,C9orf72,C9orf72,28169818,21455050,0.761632538768976,6,3,GAT,NA,60,M,05:05:00 AM,305,6.28,Yes,NA,NA,NA,NA,NA,NA,NA
C81FGANXX,5,11017_fro,11017,11017f,frontal,control,control,control,NA,12690880,10009516,0.78871725207393,6.1,5,ACT,NA,83,M,05:45:00 AM,345,6.35,Yes,NA,NA,NA,NA,NA,NA,NA
BC894KANXX,5,12001_fro,12001,NA,frontal,control,control,control,NA,14692984,11352534,0.772649994037971,6.6,3,GAT,NA,89,F,05:40:00 AM,340,6.75,Yes,NA,NA,NA,NA,NA,NA,NA
D25RNACXX,4,12062_fro,12062,2012_062_front_9,frontal,control,control,control,NA,14798123,12165786,0.822116831979299,9.2,9,AGC,NA,88,M,05:40:00 AM,340,7.3,Yes,NA,NA,NA,it has tauopathy…at pathological level,NA,NA,NA
C31BEACXX,1,05217_cer,5217,05217_cer,cerebellum,control,control,control,NA,28483176,22004030,0.772527263111389,7.5,1,AGA,NA,91,M,08:00:00 AM,480,6.26,Yes,NA,NA,NA,NA,NA,NA,NA
D10MJACXX,8,10166_put,10166,10_166_putamen,putamen,case,FTD-sporadic-TDP,NA,NA,28491342,23123171,0.81158588458206,8.7,9,AGC,NA,63,M,07:35:00 AM,455,6.77,Yes,NA,NA,NA,NA,NA,NA,NA
D1HENACXX,5,12005_tem,12005,12005_GTM,temporal,control,control,control,NA,28728004,23830240,0.829512555066478,6.9,10,AGT,NA,84,F,05:36:00 AM,336,6.68,Yes,NA,NA,NA,NA,NA,NA,NA
C31BEACXX,6,97303_cer,97303,97303_cer,cerebellum,case,FTD-C9,C9orf72,C9orf72,28739076,22825601,0.794235729777812,8.6,6,ACG,NA,68,F,06:50:00 AM,410,6.77,Yes,NA,NA,NA,NA,NA,NA,NA
C81FGANXX,5,11072_fro,11072,11072f,frontal,control,control,control,NA,15574608,12566622,0.806866021924918,8.3,8,ATG,NA,76,F,07:15:00 AM,435,6.87,Yes,NA,NA,NA,NA,NA,NA,NA
C4DKEACXX,2,92017_occ,92017,92017_occ,occipital,case,FTD-MAPT,MAPT,P301L,29069368,20412842,0.702211413746594,6.6,3,GAT,NA,60,M,04:40:00 AM,280,6.45,Yes,NA,NA,NA,NA,NA,NA,NA
C81FGANXX,5,11069_fro,11069,11069f,frontal,control,control,control,NA,15802932,12414913,0.785608202325999,8.7,1,AGA,NA,49,M,06:15:00 AM,375,6.23,Yes,NA,NA,NA,NA,NA,NA,NA
C0TBFACXX,8,94198_put,94198,94_198_Putamen,putamen,case,FTD-MAPT,MAPT,P301L,29687586,15730337,0.529862448230045,7.2,5,ACT,NA,64,F,05:10:00 AM,310,6.4,Yes,NA,NA,NA,NA,NA,NA,NA
C0TBFACXX,7,07083_put,7083,07_83_Putamen,putamen,case,FTD-GRN,GRN,NA,30265592,15243601,0.503661088142601,7,4,ACA,NA,52,F,NA,#VALUE!,NA,Yes,NA,NA,NA,NA,NA,NA,NA
D2D9FACXX,2,05108_tem,5108,05108_temp,temporal,case,FTD-MAPT,MAPT,L315R,30546701,23917988,0.782997417626211,8.5,6,ACG,NA,68,F,05:40:00 AM,340,6.6,Yes,NA,NA,NA,NA,NA,NA,NA
C0YUNACXX,4,10200_tem,10200,10_200_Temporal,temporal,case,FTD-GRN,GRN,Ser82ValfsX174),30593533,25313415,0.827410649172163,7.6,2,CTT,NA,52,F,03:50:00 AM,230,6.48,Yes,NA,NA,NA,NA,NA,NA,NA
C31BEACXX,3,10196_occ,10196,10196_occ,occipital,control,control,control,NA,30855978,23766197,0.770229904882613,9,5,ACT,NA,60,F,07:30:00 AM,450,6.8,Yes,NA,NA,NA,NA,NA,NA,NA
BC9AP9ANXX,3,12042_fro,12042,NA,frontal,control,control,control,NA,16455932,12174797,0.739842447088381,6.8,10,AGT,73,83,F,06:03:00 AM,363,6.6,Yes,120416,20516,NA,NA,Eldem´s second librarie,NA,Yes
D10MJACXX,6,97231_tem,97231,97_231_temporal,temporal,case,FTD-C9,C9orf72,C9orf72,31040179,23780756,0.766128185021098,7.3,6,ACG,NA,42,F,05:45:00 AM,345,6.93,Yes,NA,NA,NA,NA,NA,NA,NA
D10FYACXX,7,05217_fro,5217,05217_GFM,frontal,control,control,control,NA,16688607,12693014,0.760579597805856,7,3,GAT,NA,91,M,08:00:00 AM,480,6.26,Yes,NA,NA,NA,NA,NA,NA,NA
C0TBFACXX,5,10327_cau,10327,10327_caudate,caudate,control,control,control,NA,31301894,25115910,0.802376686854795,8.5,8,ATG,NA,70,M,03:35:00 AM,215,7.2,Yes,NA,NA,NA,NA,NA,NA,NA
C0TBFACXX,4,10327_tem,10327,10327_GTM,temporal,control,control,control,NA,31855840,25715652,0.807250789808085,8.7,3,GAT,NA,70,M,03:35:00 AM,215,7.2,Yes,NA,NA,NA,NA,NA,NA,NA
C303GACXX,7,07146_cau,7146,07146_Caudate,caudate,case,FTD-MAPT,MAPT,G272V,31963096,21210623,0.663597262292739,6,4,ACA,NA,51,M,04:25:00 AM,265,6.1,Yes,NA,NA,NA,NA,NA,NA,NA
D29V9ACXX,8,03121_put,3121,03121_put_REDONE,putamen,case,FTD-MAPT,MAPT,R406V,32007249,25795298,0.805920496322567,7.4,5,ACT,NA,75,F,07:25:00 AM,445,6.6,Yes,NA,NA,NA,NA,NA,NA,NA
D10FYACXX,7,10258_fro,10258,10258_GFM,frontal,control,control,control,NA,17101448,13184750,0.770972726987797,8.2,10,AGT,NA,89,F,06:10:00 AM,370,6.36,Yes,NA,NA,NA,NA,NA,NA,NA
D0N32ACXX,3,07106_tem,7106,07_106_temporal,temporal,case,FTD-GRN,GRN,Gly300X,32155783,24096219,0.749358801183601,8.1,3,GAT,NA,66,F,05:15:00 AM,315,6.45,Yes,NA,NA,NA,NA,NA,NA,NA
C81FGANXX,5,11021_fro,11021,11021f,frontal,control,control,control,NA,17770659,12736367,0.716707635884522,6.7,4,ACA,NA,85,F,07:05:00 AM,425,NA,Yes,NA,NA,NA,NA,NA,NA,NA
C0TBFACXX,3,10327_put,10327,10327_putamen,putamen,control,control,control,NA,32601481,24143168,0.740554332485693,8.4,4,ACA,NA,70,M,03:35:00 AM,215,7.2,Yes,NA,NA,NA,NA,NA,NA,NA
C0YUNACXX,4,10200_cau,10200,10_200_Caudate,caudate,case,FTD-GRN,GRN,Ser82ValfsX174),32986358,26606229,0.806582800077535,7.6,1,AGA,NA,52,F,03:50:00 AM,230,6.48,Yes,NA,NA,NA,NA,NA,NA,NA
C31BEACXX,6,97231_cer,97231,97231_cer,cerebellum,case,FTD-C9,C9orf72,C9orf72,33133083,27250136,0.822444926118104,8.9,5,ACT,NA,42,F,05:45:00 AM,345,6.93,Yes,NA,NA,NA,NA,NA,NA,NA
C0YUNACXX,3,09070_put,9070,09_070_Putamen,putamen,case,FTD-MAPT,MAPT,P301L,33421015,25665803,0.76795402533406,8.4,8,ATG,NA,60,M,05:23:00 AM,323,6.3,Yes,NA,NA,NA,NA,NA,NA,NA
C0TBFACXX,4,10258_cau,10258,10258_caudate,caudate,control,control,control,NA,33468426,26157710,0.781563793887409,8.8,10,AGT,NA,89,F,06:10:00 AM,370,6.36,Yes,NA,NA,NA,NA,NA,NA,NA
D1HENACXX,5,12005_hip,12005,12005_hippo,hippocampus,control,control,control,NA,33674623,27560207,0.81842659381814,6.9,3,GAT,NA,84,F,05:36:00 AM,336,6.68,Yes,NA,NA,NA,NA,NA,NA,NA
C4DKEACXX,1,10200_occ,10200,10200_gos,occipital,case,FTD-GRN,GRN,Ser82ValfsX174),34028580,25608987,0.752572896077356,6.3,8,ATG,NA,52,F,03:50:00 AM,230,6.48,Yes,NA,NA,NA,NA,NA,NA,NA
C31BEACXX,7,02218_cer,2218,02218_cer,cerebellum,case,FTD-C9,C9orf72,C9orf72,34180131,27966187,0.818200111637957,8.3,2,CTT,NA,64,F,09:05:00 AM,545,6.23,Yes,NA,NA,NA,NA,NA,NA,NA
C0TBFACXX,4,10327_fro,10327,10327_GFM,frontal,control,control,control,NA,28249838,23115180,0.818241152391741,8.7,2,CTT,NA,70,M,03:35:00 AM,215,7.2,Yes,NA,NA,NA,NA,NA,NA,NA
D10RJACXX,1,00136_put,136,00_136_Putamen,putamen,case,FTD-MAPT,MAPT,P301L,34352389,22811816,0.664053262787633,6.2,4,ACA,NA,66,M,05:00:00 AM,300,6.3,Yes,NA,NA,NA,NA,NA,NA,NA
C0VAKACXX,6,97303_put,97303,97_303_Putamen,putamen,case,FTD-C9,C9orf72,C9orf72,34607177,27318023,0.789374498821444,9,5,ACT,NA,68,F,06:50:00 AM,410,6.77,Yes,NA,NA,NA,NA,NA,NA,NA
D25RNACXX,4,12062_put,12062,2012_062_puta_4,putamen,control,control,control,NA,34671456,27023376,0.779412782664795,8.4,4,ACA,NA,88,M,05:40:00 AM,340,7.3,Yes,NA,NA,NA,it has tauopathy…at pathological level,NA,NA,NA
D10RJACXX,1,00136_cau,136,00_136_Caudate,caudate,case,FTD-MAPT,MAPT,P301L,35094736,25401696,0.723803592652756,8.2,3,GAT,NA,66,M,05:00:00 AM,300,6.3,Yes,NA,NA,NA,NA,NA,NA,NA
C0TBFACXX,5,11040_put,11040,11040_putamen,putamen,control,control,control,NA,35373659,28373905,0.802119594130763,8.4,5,ACT,NA,82,M,05:50:00 AM,350,6.57,Yes,NA,NA,NA,NA,NA,NA,NA
D10MJACXX,5,02218_cau,2218,02_218_caudate,caudate,case,FTD-C9,C9orf72,C9orf72,35504861,28500795,0.802729378380048,8,4,ACA,NA,64,F,09:05:00 AM,545,6.23,Yes,NA,NA,NA,NA,NA,NA,NA
C4DKEACXX,2,05150_occ,5150,05150_GOS,occipital,case,FTD-MAPT,MAPT,P301L,35559048,20294970,0.570739970316416,8.5,4,ACA,NA,52,M,11:30:00 AM,690,Na,Yes,NA,NA,NA,NA,NA,NA,NA
C0VAKACXX,8,05150_tem,5150,05_150_GTS,temporal,case,FTD-MAPT,MAPT,P301L,35917828,28681580,0.798533252066356,NA,6,ACG,NA,52,M,11:30:00 AM,690,Na,Yes,NA,NA,NA,NA,NA,NA,NA
D1HENACXX,5,12005_cau,12005,12005_caudate,caudate,control,control,control,NA,36179907,30443050,0.841435275110022,8.5,2,CTT,NA,84,F,05:36:00 AM,336,6.68,Yes,NA,NA,NA,NA,NA,NA,NA
D10MJACXX,3,97231_hip,97231,97_231_hippocampus,hippocampus,case,FTD-C9,C9orf72,C9orf72,37278553,30705041,0.82366504408044,6.2,4,ACA,NA,42,F,05:45:00 AM,345,6.93,Yes,NA,NA,NA,NA,NA,NA,NA
C31BEACXX,5,10166_cer,10166,10166_cer,cerebellum,case,FTD-sporadic-TDP,NA,NA,37617758,28408895,0.755199047215945,8.7,1,AGA,NA,63,M,07:35:00 AM,455,6.77,Yes,NA,NA,NA,NA,NA,NA,NA
D2D9FACXX,2,03121_tem,3121,03121_temp,temporal,case,FTD-MAPT,MAPT,R406V,38049135,30571993,0.80348720148303,6.6,5,ACT,NA,75,F,07:25:00 AM,445,6.6,Yes,NA,NA,NA,NA,NA,NA,NA
C31BEACXX,1,10327_cer,10327,10327_cer,cerebellum,control,control,control,NA,38584784,30667506,0.794808285048324,9.4,8,ATG,NA,70,M,03:35:00 AM,215,7.2,Yes,NA,NA,NA,NA,NA,NA,NA
C0TBFACXX,7,07083_cau,7083,07_83_Caudate,caudate,case,FTD-GRN,GRN,NA,38934953,20718307,0.532126159237947,6.5,3,GAT,NA,52,F,NA,#VALUE!,NA,Yes,NA,NA,NA,NA,NA,NA,NA
C31BEACXX,2,12062_cer,12062,12062_cer,cerebellum,control,control,control,NA,38971263,29970692,0.769045950602114,9.8,4,ACA,NA,88,M,05:40:00 AM,340,7.3,Yes,NA,NA,NA,it has tauopathy…at pathological level,NA,NA,NA
D0N32ACXX,2,09126_cau,9126,09_126_caudate,caudate,case,FTD-GRN,GRN,Ser82ValfsX174),39283163,31521396,0.80241491755641,6.8,6,ACG,NA,76,F,03:35:00 AM,215,6.1,Yes,NA,NA,NA,NA,NA,NA,NA
C3BGMACXX,3,10353_cer,10353,S10353cerlinker1,cerebellum,case,FTD-C9,C9orf72,C9orf72,39715751,32453931,0.817155163451397,7.1,1,AGA,NA,70,F,04:40:00 AM,280,6.64,Yes,NA,NA,NA,NA,NA,NA,NA
D10RJACXX,2,04245_tem,4245,04_245_Temporal,temporal,case,FTD-MAPT,MAPT,P301L,39772023,28984316,0.728761421062238,8,9,AGC,NA,66,F,06:40:00 AM,400,6.52,Yes,NA,NA,NA,NA,NA,NA,NA
C0TBFACXX,2,10196_fro,10196,10196_GFM,frontal,control,control,control,NA,32440935,25658926,0.790942862775071,8.7,5,ACT,NA,60,F,07:30:00 AM,450,6.8,Yes,NA,NA,NA,NA,NA,NA,NA
C3BGMACXX,3,96309_cer,96309,S96309cerlinker5,cerebellum,case,NA,NA,NA,40805967,33792495,0.828126312997312,7.9,5,ACT,NA,58,M,06:50:00 AM,410,6.9,Yes,NA,NA,NA,NA,NA,NA,NA
D29V9ACXX,7,04263_hip,4263,04263_hipp_REDONE,hippocampus,case,FTD-MAPT,MAPT,G272V,41104210,29021640,0.706050304822791,5.9,4,ACA,NA,54,F,07:30:00 AM,450,6.46,Yes,NA,NA,NA,NA,NA,NA,NA
C4DKEACXX,1,07106_occ,7106,07106_gos,occipital,case,FTD-GRN,GRN,Gly300X,41146667,28854563,0.701261246749342,6.4,4,ACA,NA,66,F,05:15:00 AM,315,6.45,Yes,NA,NA,NA,NA,NA,NA,NA
C31BEACXX,3,10258_occ,10258,10258_occ,occipital,control,control,control,NA,41255831,32127089,0.77872844204738,9,6,ACG,NA,89,F,06:10:00 AM,370,6.36,Yes,NA,NA,NA,NA,NA,NA,NA
C0VAKACXX,7,92017_hip,92017,92_017_Hippocampus,hippocampus,case,FTD-MAPT,MAPT,P301L,41598659,34449994,0.82815155171228,8.5,3,GAT,NA,60,M,04:40:00 AM,280,6.45,Yes,NA,NA,NA,NA,NA,NA,NA
C0TBFACXX,5,11040_fro,11040,11040_GFM,frontal,control,control,control,NA,41700398,32186794,0.771858196653183,7.8,4,ACA,NA,82,M,05:50:00 AM,350,6.57,Yes,NA,NA,NA,NA,NA,NA,NA
BC894KANXX,6,11076_fro,11076,NA,frontal,control,control,control,NA,42182569,34502410,0.817930505844724,7.1,1,AGA,NA,75,F,05:25:00 AM,325,6.75,Yes,NA,NA,NA,NA,NA,NA,NA
BC81HGANXX,3,11082_fro,11082,NA,frontal,control,control,control,NA,44858647,34901820,0.77803996183835,6.3,5,ACT,NA,84,F,05:55:00 AM,355,6.1,Yes,NA,NA,NA,NA,NA,NA,NA
D1HENACXX,4,12005_fro,12005,12005_GFM,frontal,control,control,control,NA,47731385,39485522,0.827244422092508,7.8,8,ATG,NA,84,F,05:36:00 AM,336,6.68,Yes,NA,NA,NA,NA,NA,NA,NA
C31BEACXX,4,97231_occ,97231,97231_gos,occipital,case,FTD-C9,C9orf72,C9orf72,47473379,35602751,0.749951904624274,8.9,4,ACA,NA,42,F,05:45:00 AM,345,6.93,Yes,NA,NA,NA,NA,NA,NA,NA
AC9BNCANXX,5,09058_fro,9058,NA,frontal,NA,FTD-sporadic-TDP+MND,NA,NA,9268732,7201371,0.776953201365624,6.6,8,ATG,87,59,M,08:00:00 AM,480,6.24,No,NA,NA,300516,NA,Noemia's first all alone libraries with new linker preparation,Brain,No
D1HENACXX,4,12005_put,12005,12005putamen,putamen,control,control,control,NA,47973148,40250442,0.839020236904195,8.4,6,ACG,NA,84,F,05:36:00 AM,336,6.68,Yes,NA,NA,NA,NA,NA,NA,NA
AC9BNCANXX,5,09329_fro,9329,NA,frontal,NA,FTD-sporadic-TDP+MND,NA,NA,10836775,7940961,0.732778986368177,5.5,2,CTT,87,74,M,04:30:00 AM,270,6.44,No,NA,NA,300516,NA,Noemia's first all alone libraries with new linker preparation,Brain,No
C0TBFACXX,6,11040_cau,11040,11040_caudate,caudate,control,control,control,NA,52280565,40961127,0.783486693382139,8.5,9,AGC,NA,82,M,05:50:00 AM,350,6.57,Yes,NA,NA,NA,NA,NA,NA,NA
